,Game,metacritic_score,metacritic_review_count,user_score,user_review_count,content_rating,genres,release_date,Year,Publisher,North America,Europe,Japan,Rest of World,Global
0,Red Dead Redemption 2,97,33,7.7,2413.0,M,"['Action Adventure', ' Open-World']","Oct 26, 2018",2018.0,Rockstar Games,3.76,1.47,0.0,0.54,5.77
1,Metal Gear Solid V: The Phantom Pain,95,10,7.4,1111.0,M,"['Modern', ' Modern', ' Action Adventure', ' Open-World']","Sep 1, 2015",2015.0,Konami Digital Entertainment,0.49,0.25,0.02,0.07,0.83
2,The Witcher 3: Wild Hunt,91,13,9.2,4585.0,M,"['Action RPG', ' Role-Playing', ' Action RPG']","May 19, 2015",2015.0,Namco Bandai Games,0.97,0.61,0.01,0.15,1.74
3,Rayman Legends,91,6,7.9,243.0,E10+,"['Platformer', ' 2D', ' Action', ' Platformer', ' 2D']","Feb 18, 2014",2014.0,Ubisoft,0.13,0.22,0.0,0.03,0.38
4,Overwatch,91,18,5.9,886.0,T,"['Action', ' Shooter', ' First-Person', ' Tactical']","May 23, 2016",2016.0,Blizzard Entertainment,1.63,0.84,0.0,0.25,2.72
5,NBA 2K17,90,17,5.9,132.0,E,"['Sports', ' Team', ' Basketball', ' Sim']","Sep 16, 2016",2016.0,2K Sports,1.7,0.12,0.0,0.21,2.04
6,Call of Duty: Modern Warfare Remastered,89,6,6.0,133.0,M,"['Arcade', ' Action', ' Shooter', ' First-Person', ' Tactical']","Nov 4, 2016",2017.0,Activision,0.16,0.06,0.0,0.02,0.24
7,Stardew Valley,89,10,7.8,105.0,E10+,"['Role-Playing', ' General']","Dec 14, 2016",2017.0,505 Games,0.02,0.0,0.0,0.0,0.03
8,Injustice 2,89,23,8.1,223.0,T,"['Action', ' Fighting', ' 2D']","May 16, 2017",2017.0,Warner Bros. Interactive Entertainment,0.65,0.16,0.0,0.09,0.89
9,Fallout 4,88,39,6.5,1971.0,M,"['General', ' Role-Playing', ' Western-Style']","Nov 10, 2015",2015.0,Bethesda Softworks,2.94,1.62,0.02,0.45,5.03
10,Dishonored 2,88,25,7.3,252.0,M,"['Action Adventure', ' General']","Nov 10, 2016",2016.0,Bethesda Softworks,0.47,0.31,0.0,0.08,0.86
11,Ori and the Blind Forest,88,73,8.6,888.0,E,"['Action', ' Platformer', ' 2D']","Mar 11, 2015",,,0.0,0.0,0.0,0.0,0.0
12,Pro Evolution Soccer 2017,87,12,5.9,99.0,E,"['Sports', ' Team', ' Soccer', ' Sim']","Sep 13, 2016",2016.0,Konami Digital Entertainment,0.05,0.03,0.0,0.01,0.1
13,Destiny 2,87,22,4.4,589.0,T,"['Action', ' Shooter', ' First-Person', ' Arcade']","Sep 6, 2017",2017.0,Activision,1.66,0.47,0.0,0.23,2.35
14,DiRT Rally,86,17,7.9,83.0,E,"['Racing', ' Simulation', ' Automobile']","Apr 5, 2016",2016.0,Codemasters,0.12,0.08,0.0,0.02,0.21
15,Cuphead,86,72,8.3,801.0,E10+,"['Action', ' Platformer', ' 2D']","Sep 29, 2017",,,0.0,0.0,0.0,0.0,0.0
16,Shovel Knight,86,10,7.6,64.0,E,"['Action', ' Platformer', ' 2D']","Apr 21, 2015",2015.0,Yacht Club Games,0.0,0.0,0.0,0.0,0.0
17,NBA 2K14,86,15,5.7,184.0,E,"['Sim', ' Sports', ' Traditional', ' Team', ' Basketball', ' Sim']","Nov 12, 2013",2013.0,2K Sports,0.72,0.12,0.0,0.09,0.94
18,Titanfall,86,68,6.7,2485.0,M,"['Shooter', ' Sci-Fi', ' Miscellaneous', ' General', ' Action', ' Shooter', ' First-Person', ' Sci-Fi', ' Arcade']","Mar 11, 2014",2014.0,Electronic Arts,1.88,0.91,0.04,0.28,3.11
19,Rise of the Tomb Raider,86,102,8.0,1427.0,M,"['Fantasy', ' Action Adventure', ' General', ' Linear']","Nov 10, 2015",2015.0,Square Enix,0.61,0.82,0.03,0.12,1.58
20,DiRT 4,86,21,6.7,61.0,T,"['Racing', ' Simulation', ' Automobile']","Jun 6, 2017",2017.0,Codemasters,0.11,0.1,0.0,0.02,0.23
21,Forza Motorsport 7,86,79,6.2,833.0,E,"['Racing', ' Simulation', ' Automobile']","Sep 29, 2017",2017.0,Microsoft Studios,0.58,0.81,0.01,0.12,1.52
22,Batman: Arkham Knight,85,16,6.9,816.0,M,"['General', ' Fantasy', ' Action Adventure', ' Open-World']","Jun 23, 2015",2015.0,Warner Bros. Interactive Entertainment,0.97,0.46,0.0,0.14,1.58
23,Assassin's Creed Origins,85,42,7.5,634.0,M,"['Action Adventure', ' Open-World']","Oct 27, 2017",2017.0,Ubisoft,1.34,0.92,0.0,0.22,2.47
24,Axiom Verge,85,4,7.7,9.0,E10+,"['Action Adventure', ' General']","Sep 30, 2016",,,0.0,0.0,0.0,0.0,0.0
25,Pro Evolution Soccer 2016,85,14,6.0,151.0,E,"['Sports', ' Team', ' Soccer', ' Sim']","Sep 15, 2015",2015.0,Konami Digital Entertainment,0.05,0.06,0.0,0.01,0.12
26,LIMBO,85,5,8.0,80.0,T,"['Action', ' Platformer', ' 2D']","Dec 5, 2014",,,0.0,0.0,0.0,0.0,0.0
27,PlayerUnknown's Battlegrounds,85,9,5.0,140.0,T,"['Action', ' Shooter', ' First-Person', ' Tactical']","Sep 4, 2018",2017.0,Microsoft Studios,1.29,0.69,0.0,0.2,2.17
28,Life is Strange,85,4,8.5,249.0,M,"['Sci-Fi', ' Action Adventure', ' General']","Oct 20, 2015",2016.0,Square Enix,0.08,0.03,0.0,0.01,0.12
29,Shadow Tactics: Blades of the Shogun,85,6,7.7,23.0,M,"['Strategy', ' Real-Time', ' Tactics']","Aug 1, 2017",2017.0,Kalypso Media,0.01,0.0,0.0,0.0,0.01
30,NBA 2K18,85,16,1.5,173.0,E10+,"['Sports', ' Team', ' Basketball', ' Sim']","Sep 15, 2017",2017.0,2K Sports,1.67,0.14,0.0,0.21,2.02
31,Project CARS 2,84,22,5.7,68.0,E,"['Racing', ' Simulation', ' Automobile']","Sep 22, 2017",2017.0,Namco Bandai Games,0.01,0.18,0.0,0.01,0.2
32,Rare Replay,84,75,8.0,353.0,M,"['Miscellaneous', ' Compilation']","Aug 4, 2015",2015.0,Microsoft Studios,0.42,0.27,0.01,0.07,0.78
33,Gears of War 4,84,99,7.0,1322.0,M,"['Action', ' Sci-Fi', ' Third-Person', ' Shooter', ' Arcade']","Oct 11, 2016",2016.0,Microsoft Studios,2.17,0.9,0.0,0.32,3.38
34,Halo 5: Guardians,84,101,6.4,2950.0,T,"['Shooter', ' Sci-Fi', ' Sci-Fi', ' Action', ' Shooter', ' First-Person', ' Arcade']","Oct 27, 2015",2015.0,Microsoft Studios,2.94,1.49,0.03,0.45,4.92
35,Terraria,84,5,7.8,39.0,T,"['Action', ' Action Adventure', ' Platformer', ' Sandbox', ' 2D']","Nov 14, 2014",2014.0,505 Games,0.0,0.04,0.0,0.0,0.04
36,F1 2017,84,17,7.3,33.0,E,"['Racing', ' Simulation', ' Automobile']","Aug 25, 2017",2017.0,Koch Media,0.04,0.13,0.0,0.01,0.19
37,Battle Chasers: Nightwar,84,8,6.8,44.0,T,"['Role-Playing', ' Action RPG', ' Japanese-Style']","Oct 3, 2017",2017.0,THQ Nordic,0.04,0.0,0.0,0.0,0.04
38,The Banner Saga 2,84,8,7.6,26.0,T,"['Strategy', ' Turn-Based', ' Tactics']","Jul 1, 2016",,,0.0,0.0,0.0,0.0,0.0
39,Dishonored: Death of the Outsider,84,16,6.3,51.0,M,"['Action Adventure', ' General']","Sep 15, 2017",2017.0,Bethesda Softworks,0.07,0.06,0.0,0.01,0.14
40,FIFA 16,84,45,4.4,477.0,E,"['Sports', ' Team', ' Soccer', ' Sim']","Sep 22, 2015",2015.0,EA Sports,0.92,2.1,0.0,0.24,3.25
41,Rogue Legacy,84,6,7.3,14.0,E10+,"['Action', ' Platformer', ' 2D']","May 27, 2015",,,0.0,0.0,0.0,0.0,0.0
42,Final Fantasy XV,83,13,7.7,682.0,T,"['Action RPG', ' Role-Playing', ' Action RPG']","Nov 29, 2016",2016.0,Square Enix,0.72,0.3,0.01,0.11,1.14
43,FIFA 18,83,21,3.1,204.0,E,"['Sports', ' Team', ' Soccer', ' Sim']","Sep 26, 2017",2017.0,EA Sports,0.98,1.92,0.0,0.23,3.14
44,Sonic Mania,83,17,7.4,178.0,E,"['Action', ' Platformer', ' 2D']","Aug 15, 2017",2017.0,Sega,0.09,0.03,0.0,0.01,0.13
45,Madden NFL 17,83,30,5.3,58.0,E,"['Sports', ' Team', ' Football', ' Sim']","Aug 23, 2016",2016.0,EA Sports,2.14,0.04,0.0,0.26,2.44
46,theHunter: Call of the Wild,83,5,7.5,16.0,T,"['Sports', ' Individual', ' Nature', ' Hunting']","Oct 2, 2017",2017.0,Astragon,0.18,0.0,0.0,0.02,0.21
47,Deus Ex: Mankind Divided,83,18,7.5,239.0,M,"['Action Adventure', ' General']","Aug 23, 2016",2016.0,Square Enix,0.25,0.11,0.0,0.04,0.39
48,ABZU,83,6,7.2,31.0,E,"['Adventure', ' 3D', ' Third-Person']","Dec 6, 2016",2017.0,505 Games,0.02,0.0,0.0,0.0,0.02
49,Don Bradman Cricket 17,83,4,7.5,21.0,E,"['Sports', ' Team', ' Cricket']","Dec 15, 2016",2016.0,Tru Blu Entertainment,0.0,0.0,0.0,0.0,0.0
50,Gears of War: Ultimate Edition,82,74,7.6,673.0,M,"['Action', ' Shooter', ' Third-Person', ' Arcade']","Aug 25, 2015",2015.0,Microsoft Studios,2.88,0.37,0.0,0.37,3.62
51,The Sexy Brutale,82,13,7.1,13.0,T,"['Adventure', ' General']","Apr 11, 2017",,,0.0,0.0,0.0,0.0,0.0
52,Child of Light,82,32,7.7,270.0,E10+,"['Action', ' General', ' General', ' Role-Playing', ' General']","Apr 30, 2014",,,0.0,0.0,0.0,0.0,0.0
53,Geometry Wars 3: Dimensions,82,27,7.7,40.0,E,"['Action', ' Shooter', ' Static', "" Shoot-'Em-Up"", ' Top-Down']","Nov 26, 2014",,,0.0,0.0,0.0,0.0,0.0
54,Lovers in a Dangerous Spacetime,82,27,7.2,31.0,E10+,"['Platformer', ' 2D', ' Action', ' Shooter', "" Shoot-'Em-Up"", ' Horizontal']","Sep 9, 2015",,,0.0,0.0,0.0,0.0,0.0
55,Far Cry 5,82,32,6.7,382.0,M,"['Action', ' Shooter', ' First-Person', ' Arcade']","Mar 27, 2018",2018.0,Ubisoft,1.14,0.47,0.0,0.17,1.78
56,Pro Evolution Soccer 2018,82,11,6.3,45.0,E,"['Sports', ' Team', ' Soccer', ' Sim']","Sep 12, 2017",2017.0,Konami Digital Entertainment,0.06,0.05,0.0,0.01,0.12
57,NBA 2K15,82,9,6.2,101.0,E,"['Sports', ' Traditional', ' Team', ' Basketball', ' Sim']","Oct 7, 2014",2014.0,2K Sports,1.39,0.18,0.0,0.18,1.74
58,Madden NFL 18,82,22,4.3,55.0,E,"['Sports', ' Team', ' Football', ' Sim']","Aug 22, 2017",2017.0,EA Sports,1.63,0.07,0.0,0.2,1.91
59,Tekken 7,81,16,6.4,123.0,T,"['Action', ' Fighting', ' 3D']","Jun 2, 2017",2017.0,Namco Bandai Games,0.3,0.23,0.0,0.05,0.58
60,Brothers: A Tale of Two Sons,81,6,8.2,63.0,T,"['Action Adventure', ' Linear']","Aug 12, 2015",2015.0,505 Games,0.04,0.01,0.0,0.01,0.05
61,Battlefield 4,81,5,6.7,528.0,M,"['Action', ' Shooter', ' Shooter', ' First-Person', ' Modern', ' Modern', ' Arcade']","Nov 19, 2013",2013.0,Electronic Arts,1.26,0.65,0.0,0.19,2.09
62,Call of Duty: Advanced Warfare,81,53,5.5,921.0,M,"['Action', ' Shooter', ' First-Person', ' Modern', ' Arcade']","Nov 3, 2014",2014.0,Activision,3.25,1.49,0.01,0.48,5.22
63,Guitar Hero Live,81,21,5.1,76.0,T,"['Action', ' Rhythm', ' Music']","Oct 20, 2015",2015.0,Activision,0.52,0.23,0.0,0.08,0.83
64,Sunset Overdrive,81,89,7.8,1357.0,M,"['General', ' Action', ' General', ' Shooter', ' Third-Person', ' Arcade']","Oct 28, 2014",2014.0,Microsoft Studios,0.64,0.42,0.0,0.1,1.16
65,Watch Dogs 2,81,11,7.4,256.0,M,"['Action Adventure', ' Open-World']","Nov 15, 2016",2016.0,Ubisoft,0.71,0.53,0.0,0.12,1.35
66,Project CARS,81,16,5.8,151.0,E,"['Driving', ' Racing', ' Simulation', ' General', ' Automobile']","May 12, 2015",2015.0,Bandai Namco Games,0.21,0.16,0.0,0.04,0.41
67,Valiant Hearts: The Great War,81,16,8.1,195.0,T,"['Platformer', ' 2D', ' Action', ' Platformer', ' 2D']","Jun 25, 2014",,,0.0,0.0,0.0,0.0,0.0
68,Sniper Elite 4,81,18,7.3,69.0,M,"['Action', ' Shooter', ' First-Person', ' Tactical']","Feb 14, 2017",2017.0,Rebellion Developments,0.18,0.09,0.0,0.03,0.3
69,Shantae: Half-Genie Hero,80,6,7.8,30.0,T,"['Action', ' Platformer', ' Platformer', ' 2D', ' 2D']","Dec 20, 2016",,,0.0,0.0,0.0,0.0,0.0
70,LEGO Dimensions,80,12,6.9,30.0,E10+,"['Action Adventure', ' General']","Sep 27, 2015",2015.0,Warner Bros. Interactive Entertainment,0.47,0.18,0.0,0.07,0.72
71,Super Time Force,80,36,6.5,117.0,T,"['Action', ' Platformer', ' Shooter', ' 2D', ' Scrolling', "" Shoot-'Em-Up"", ' Vertical']","May 14, 2014",,,0.0,0.0,0.0,0.0,0.0
72,Trials Fusion,80,28,7.1,167.0,E10+,"['Driving', ' Racing', ' Arcade', ' Motorcycle', ' Automobile', ' Street', ' Street']","Apr 16, 2014",2014.0,Ubisoft,0.12,0.1,0.0,0.02,0.25
73,Naruto Shippuden: Ultimate Ninja Storm 4,80,12,8.2,80.0,T,"['Action', ' Fighting', ' 3D']","Feb 9, 2016",2016.0,Namco Bandai Games,0.25,0.07,0.0,0.03,0.35
74,Borderlands: The Handsome Collection,80,11,7.9,152.0,M,"['Miscellaneous', ' Compilation']","Mar 24, 2015",2015.0,2K Games,0.49,0.13,0.0,0.07,0.68
75,NHL 16,80,18,6.1,84.0,E10+,"['Sports', ' Team', ' Ice Hockey', ' Sim']","Sep 15, 2015",2015.0,EA Sports,0.41,0.05,0.0,0.05,0.51
76,Tom Clancy's The Division,80,33,6.9,688.0,M,"['Shooter', ' Modern', ' Modern', ' Action', ' Shooter', ' Third-Person', ' Tactical', ' Arcade']","Mar 8, 2016",2016.0,Ubisoft,1.54,0.82,0.0,0.24,2.59
77,Madden NFL 15,80,19,6.2,138.0,E,"['Sports', ' Traditional', ' Team', ' Football', ' Sim']","Aug 26, 2014",2014.0,EA Sports,1.34,0.1,0.0,0.17,1.6
78,Elite: Dangerous,80,30,7.1,111.0,T,"['Simulation', ' Space', ' Civilian']","Oct 6, 2015",2017.0,Frontier Developments,0.07,0.0,0.0,0.01,0.08
79,Call of Duty: WWII,80,21,4.2,399.0,M,"['Action', ' Shooter', ' First-Person', ' Arcade']","Nov 3, 2017",2017.0,Activision,3.75,1.91,0.0,0.57,6.23
80,Forza Motorsport 5,79,76,6.0,1126.0,E,"['GT / Street', ' Driving', ' Racing', ' Simulation', ' GT / Street', ' Automobile']","Nov 22, 2013",2013.0,Microsoft Studios,1.28,0.9,0.01,0.21,2.4
81,A Way Out,79,26,7.6,151.0,M,"['Action Adventure', ' General']","Mar 23, 2018",2018.0,Electronic Arts,0.17,0.05,0.0,0.02,0.24
82,The Evil Within,79,24,7.4,509.0,M,"['Horror', ' Action Adventure', ' Horror', ' Survival']","Oct 14, 2014",2014.0,Bethesda Softworks,0.36,0.27,0.0,0.06,0.69
83,For Honor,79,26,5.9,280.0,M,"['Action Adventure', ' General']","Feb 14, 2017",2017.0,Ubisoft,0.57,0.21,0.0,0.08,0.87
84,Ace Combat 7: Skies Unknown,79,17,7.8,87.0,T,"['Simulation', ' Flight', ' Combat']","Jan 18, 2019",2019.0,Bandai Namco Games,0.0,0.0,0.0,0.0,0.0
85,Killing Floor 2,79,9,6.8,9.0,M,"['Action', ' Shooter', ' First-Person', ' Arcade']","Aug 29, 2017",2017.0,Tripwire Interactive,0.05,0.0,0.0,0.01,0.06
86,Wolfenstein: The New Order,79,18,7.8,468.0,M,"['General', ' Shooter', ' Historic', ' Action', ' Shooter', ' First-Person', ' Historic', ' Arcade']","May 20, 2014",2014.0,Bethesda Softworks,0.39,0.3,0.0,0.06,0.75
87,Halo Wars 2,79,79,6.1,492.0,T,"['Strategy', ' Real-Time', ' General']","Feb 17, 2017",2017.0,Microsoft Studios,0.31,0.15,0.0,0.05,0.51
88,Pro Evolution Soccer 2015,79,9,6.7,71.0,E,"['Action', ' General', ' Sports', ' Traditional', ' Team', ' Soccer', ' Sim']","Nov 11, 2014",2014.0,Konami Digital Entertainment,0.04,0.1,0.0,0.01,0.15
89,World to the West,79,10,,,E10+,"['Action Adventure', ' Linear']","May 5, 2017",2017.0,Soedesco,0.0,0.0,0.0,0.0,0.0
90,The Book of Unwritten Tales 2,79,7,7.2,9.0,T,"['Adventure', ' General', ' Point-and-Click']","Sep 18, 2015",2015.0,Nordic Games,0.0,0.0,0.0,0.0,0.0
91,Alien: Isolation,78,24,8.0,381.0,M,"['Action Adventure', ' Sci-Fi', ' General', ' Survival']","Oct 7, 2014",2014.0,Sega,0.23,0.25,0.0,0.04,0.52
92,Skylanders Imaginators,78,14,5.2,17.0,E10+,"['Action', ' Platformer', ' 3D']","Oct 16, 2016",2016.0,Activision,0.19,0.05,0.0,0.03,0.27
93,Watch Dogs,78,15,5.9,771.0,M,"['Action Adventure', ' Modern', ' General', ' Modern', ' Open-World']","May 27, 2014",2014.0,Ubisoft,0.91,0.59,0.0,0.15,1.64
94,Call of Duty: Ghosts,78,7,4.3,716.0,M,"['Action', ' Shooter', ' Shooter', ' First-Person', ' Modern', ' Modern', ' Arcade']","Nov 19, 2013",2013.0,Activision,1.92,0.86,0.0,0.28,3.07
95,Assassin's Creed Syndicate,78,22,6.3,504.0,M,"['Historic', ' Action Adventure', ' Open-World']","Oct 23, 2015",2015.0,Ubisoft,0.71,0.61,0.0,0.12,1.44
96,Dead Rising 3,78,69,6.9,953.0,M,"['General', ' Action', ' Action Adventure', ' General', ' Open-World']","Nov 22, 2013",2013.0,Microsoft Studios,1.06,0.4,0.01,0.15,1.63
97,Call of Duty: Infinite Warfare,78,18,3.7,415.0,M,"['Action', ' Shooter', ' First-Person', ' Tactical']","Nov 4, 2016",2016.0,Activision,2.91,1.44,0.0,0.44,4.79
98,Aven Colony,77,12,7.7,7.0,E10+,"['Strategy', ' Management', ' Government']","Jul 25, 2017",2017.0,Sold Out,0.06,0.0,0.0,0.01,0.06
99,LEGO City Undercover,77,16,6.7,22.0,E10+,"['Action Adventure', ' Open-World']","Apr 4, 2017",2017.0,Warner Bros. Interactive Entertainment,0.15,0.12,0.0,0.03,0.3
100,EA Sports UFC 3,77,17,5.3,54.0,T,"['Sports', ' Individual', ' Combat', ' Boxing / Martial Arts']","Jan 30, 2018",2018.0,EA Sports,0.3,0.1,0.0,0.04,0.44
101,The Escapists 2,77,10,6.5,6.0,T,"['Action', ' General']","Aug 22, 2017",2017.0,Sold Out,0.05,0.08,0.0,0.01,0.15
102,#IDARB,77,31,6.9,85.0,E,"['Action', ' General']","Jan 30, 2015",,,0.0,0.0,0.0,0.0,0.0
103,NHL 17,77,23,4.1,58.0,E10+,"['Sports', ' Team', ' Ice Hockey', ' Sim']","Sep 13, 2016",2016.0,EA Sports,0.52,0.01,0.0,0.06,0.6
104,Batman: Return to Arkham,77,6,8.2,82.0,T,"['Miscellaneous', ' Compilation']","Oct 18, 2016",2016.0,Warner Bros. Interactive Entertainment,0.12,0.06,0.0,0.02,0.2
105,Marvel vs. Capcom: Infinite,77,16,5.2,59.0,T,"['Action', ' Fighting', ' 2D']","Sep 19, 2017",2017.0,Capcom,0.26,0.05,0.0,0.03,0.34
106,L.A. Noire,77,12,7.6,59.0,M,"['Action Adventure', ' Adventure', ' 3D', ' Open-World', ' Third-Person']","Nov 14, 2017",2017.0,Rockstar Games,0.14,0.09,0.0,0.02,0.25
107,Ziggurat,77,6,7.9,16.0,T,"['Action', ' Shooter', ' First-Person', ' Arcade']","Mar 20, 2015",2016.0,Soedesco,0.0,0.01,0.0,0.0,0.01
108,Portal Knights,77,7,6.7,12.0,E10+,"['Action', ' Role-Playing', ' General', ' Action RPG']","May 23, 2017",2017.0,505 Games,0.02,0.0,0.0,0.0,0.02
109,NHL 18,77,16,4.0,46.0,E10+,"['Sports', ' Team', ' Ice Hockey', ' Sim']","Sep 12, 2017",2017.0,EA Sports,0.32,0.03,0.0,0.04,0.39
110,Broken Sword 5: The Serpent's Curse,77,12,7.0,14.0,T,"['Adventure', ' General']","Sep 4, 2015",2015.0,Revolution Software,0.0,0.02,0.0,0.0,0.02
111,Peggle 2,77,39,7.1,216.0,E,"['Miscellaneous', ' Puzzle', ' Action', ' General', ' General']","Dec 9, 2013",,,0.0,0.0,0.0,0.0,0.0
112,The Banner Saga,76,9,7.9,33.0,T,"['Role-Playing', ' General', ' Strategy', ' Turn-Based', ' Tactics']","Jan 12, 2016",,,0.0,0.0,0.0,0.0,0.0
113,The Elder Scrolls Online: Morrowind,76,7,5.8,27.0,M,"['Role-Playing', ' Massively Multiplayer']","Jun 6, 2017",2017.0,Bethesda Softworks,0.09,0.03,0.0,0.01,0.14
114,Hyper Light Drifter,76,8,6.8,22.0,T,"['Role-Playing', ' Action RPG']","Jul 26, 2016",,,0.0,0.0,0.0,0.0,0.0
115,EA Sports UFC 2,76,42,5.6,90.0,T,"['Sports', ' General', ' Individual', ' Combat', ' Boxing / Martial Arts']","Mar 15, 2016",2016.0,EA Sports,0.36,0.19,0.0,0.06,0.61
116,Redout,76,10,7.9,27.0,E,"['Racing', ' General', ' Arcade', ' Futuristic']","Aug 29, 2017",2017.0,505 Games,0.02,0.0,0.0,0.0,0.02
117,Unravel,75,23,8.0,132.0,E,"['Action', ' Platformer', ' 2D']","Feb 9, 2016",,,0.0,0.0,0.0,0.0,0.0
118,Code Vein,75,14,7.6,95.0,M,"['Role-Playing', ' Action RPG']","Sep 27, 2019",2019.0,Bandai Namco Entertainment,0.0,0.0,0.0,0.0,0.0
119,Wolfenstein: The Old Blood,75,23,7.9,129.0,M,"['Action', ' Shooter', ' First-Person', ' Arcade']","May 5, 2015",2015.0,Bethesda Softworks,0.07,0.07,0.0,0.01,0.15
120,Destiny,75,11,5.5,1760.0,T,"['Shooter', ' Sci-Fi', ' Action', ' Shooter', ' First-Person', ' Sci-Fi', ' Arcade']","Sep 9, 2014",2014.0,Activision,2.17,0.92,0.0,0.32,3.41
121,Resident Evil: Revelations 2,75,22,7.8,151.0,M,"['Horror', ' Action Adventure', ' Survival']","Mar 17, 2015",2015.0,Capcom,0.1,0.02,0.0,0.01,0.14
122,Evolve,74,31,5.1,347.0,M,"['Action', ' Shooter', ' First-Person', ' Sci-Fi', ' Arcade']","Feb 10, 2015",2015.0,2K Games,0.4,0.2,0.0,0.06,0.67
123,Gigantic,74,12,7.5,30.0,T,"['Strategy', ' Real-Time', ' MOBA']","Jul 20, 2017",,,0.0,0.0,0.0,0.0,0.0
124,LEGO Marvel Super Heroes 2,74,18,7.6,16.0,E10+,"['Action', ' Platformer', ' 3D']","Nov 14, 2017",2017.0,Warner Bros. Interactive Entertainment,0.32,0.2,0.0,0.05,0.57
125,Tachyon Project,74,11,6.9,8.0,E,"['Action', ' Shooter', "" Shoot-'Em-Up"", ' Top-Down']","Jul 15, 2015",,,0.0,0.0,0.0,0.0,0.0
126,Dying Light,74,26,7.8,435.0,M,"['Horror', ' Action Adventure', ' Horror', ' Survival']","Jan 27, 2015",2015.0,Warner Bros. Interactive Entertainment,1.01,0.31,0.01,0.14,1.47
127,Just Dance 2017,73,7,6.6,11.0,E10+,"['Action', ' Rhythm', ' Dancing']","Oct 25, 2016",2016.0,Ubisoft,0.25,0.05,0.0,0.03,0.34
128,MotoGP 17,73,5,6.6,5.0,E,"['Racing', ' Arcade', ' Automobile']","Jul 11, 2017",2017.0,Koch Media,0.04,0.02,0.0,0.01,0.06
129,Get Even,73,14,7.7,35.0,M,"['Modern', ' Action', ' Shooter', ' First-Person', ' Arcade']","Jun 23, 2017",2015.0,Unknown,0.0,0.0,0.0,0.0,0.0
130,Yooka-Laylee,73,39,5.5,122.0,E10+,"['Action', ' Platformer', ' 3D']","Apr 11, 2017",2017.0,Sold Out,0.05,0.04,0.0,0.01,0.1
131,Agents of Mayhem,73,18,6.5,52.0,M,"['Action Adventure', ' Open-World']","Aug 15, 2017",2017.0,Deep Silver,0.07,0.03,0.0,0.01,0.11
132,Lara Croft and the Temple of Osiris,72,31,5.9,53.0,T,"['Action', ' Action Adventure', ' Platformer', ' Linear', ' 2D']","Dec 9, 2014",2014.0,Square Enix,0.0,0.0,0.0,0.0,0.0
133,Dungeons 3,72,4,7.4,5.0,T,"['Strategy', ' General']","Oct 17, 2017",2017.0,Kalypso Media,0.02,0.0,0.0,0.0,0.02
134,NBA Live 18,72,16,5.3,47.0,E,"['Sports', ' Team', ' Basketball', ' Sim']","Sep 15, 2017",2017.0,EA Sports,0.18,0.0,0.0,0.02,0.21
135,WWE 2K16,72,18,5.3,88.0,T,"['Action', ' Sports', ' General', ' Individual', ' Combat', ' Wrestling']","Oct 27, 2015",2015.0,Take-Two Interactive,0.34,0.24,0.0,0.06,0.63
136,Mega Man Legacy Collection 2,72,4,9.7,35.0,E10+,"['Miscellaneous', ' Compilation']","Aug 8, 2017",2017.0,Capcom,0.02,0.0,0.0,0.0,0.02
137,Steep,72,18,6.5,64.0,T,"['Sports', ' Individual', ' Ski / Snowboard']","Dec 2, 2016",2016.0,Ubisoft,0.24,0.2,0.0,0.04,0.48
138,Sherlock Holmes: Crimes & Punishments,71,8,6.7,78.0,M,"['Adventure', ' General']","Sep 30, 2014",2014.0,Focus Home Interactive,0.03,0.04,0.0,0.01,0.08
139,LEGO Marvel's Avengers,71,18,5.8,24.0,E10+,"['Action Adventure', ' General']","Jan 26, 2016",2016.0,Warner Bros. Interactive Entertainment,0.26,0.18,0.0,0.04,0.48
140,Just Cause 3,71,24,6.8,244.0,M,"['Sci-Fi', ' Action Adventure', ' Open-World']","Dec 1, 2015",2015.0,Square Enix,0.52,0.41,0.0,0.09,1.01
141,Pharaonic,71,4,7.6,7.0,T,"['Role-Playing', ' Action RPG']","Jul 13, 2016",2017.0,Soedesco,0.02,0.0,0.0,0.0,0.02
142,Just Dance 2014,71,6,7.0,58.0,E10+,"['Dancing', ' Action', ' Miscellaneous', ' Rhythm', ' Dancing']","Nov 19, 2013",2013.0,Ubisoft,0.31,0.12,0.0,0.04,0.48
143,Lords of the Fallen,71,13,6.6,176.0,M,"['Role-Playing', ' Action RPG', ' Action RPG']","Oct 28, 2014",2014.0,Square Enix,0.1,0.1,0.0,0.02,0.22
144,Xbox Fitness,71,4,5.9,82.0,E,"['Miscellaneous', ' Exercise / Fitness']","Nov 22, 2013",,,0.0,0.0,0.0,0.0,0.0
145,Oceanhorn: Monster of Uncharted Seas,71,11,7.5,26.0,E10+,"['Action Adventure', ' Open-World']","Sep 7, 2016",,,0.0,0.0,0.0,0.0,0.0
146,Knight Squad,71,9,6.8,24.0,T,"['Action', ' General']","Nov 16, 2015",,,0.0,0.0,0.0,0.0,0.0
147,ScreamRide,71,63,4.8,226.0,E10+,"['Simulation', ' General']","Mar 3, 2015",2015.0,Microsoft Studios,0.0,0.01,0.0,0.0,0.01
148,Blood Bowl 2,70,9,7.5,11.0,T,"['Sports', ' General', ' Team', ' Football', ' Arcade']","Sep 22, 2015",2015.0,Focus Home Interactive,0.0,0.0,0.0,0.0,0.0
149,WRC 7,70,11,7.1,10.0,E,"['Racing', ' Simulation', ' Automobile']","Sep 15, 2017",2017.0,Bigben Interactive,0.04,0.0,0.0,0.01,0.05
150,Just Dance 2015,70,17,7.4,21.0,E10+,"['Action', ' Miscellaneous', ' Rhythm', ' Dancing']","Oct 21, 2014",2014.0,Ubisoft,0.36,0.13,0.0,0.05,0.54
151,Stranger of Sword City,70,12,7.3,21.0,T,"['Role-Playing', ' General']","Mar 22, 2016",2016.0,Experience Inc.,0.0,0.0,0.0,0.0,0.0
152,EA Sports UFC,70,23,6.2,162.0,T,"['General', ' Sports', ' General', ' Individual', ' Combat', ' Boxing / Martial Arts']","Jun 17, 2014",2014.0,Electronic Arts,0.3,0.13,0.0,0.04,0.48
153,Tembo the Badass Elephant,70,13,7.0,28.0,E10+,"['Action Adventure', ' General']","Jul 21, 2015",,,0.0,0.0,0.0,0.0,0.0
154,Duke Nukem 3D: 20th Anniversary World Tour,70,4,6.7,6.0,M,"['Action', ' Shooter', ' First-Person', ' Arcade']","Oct 11, 2016",2016.0,Gearbox Software,0.08,0.0,0.0,0.01,0.09
155,Fe,70,29,7.1,28.0,E,"['Action', ' General']","Feb 16, 2018",,,0.0,0.0,0.0,0.0,0.0
156,ARK: Survival Evolved,69,6,5.0,42.0,T,"['Action Adventure', ' Survival', ' Sandbox']","Aug 29, 2017",2017.0,Studio Wildcard,0.3,0.12,0.0,0.04,0.46
157,Fruit Ninja Kinect 2,69,11,7.1,11.0,E,"['General', ' Action', ' Arcade']","Mar 18, 2015",,,0.0,0.0,0.0,0.0,0.0
158,LEGO The Hobbit,69,20,6.9,39.0,E10+,"['Historic', ' Action Adventure', ' General', ' Fantasy']","Apr 8, 2014",2014.0,Warner Bros. Interactive Entertainment,0.13,0.13,0.0,0.02,0.27
159,Sea of Thieves,69,71,5.0,1890.0,T,"['Role-Playing', ' Massively Multiplayer']","Mar 20, 2018",2018.0,Microsoft Studios,0.6,0.27,0.0,0.09,0.96
160,The Crew 2,69,37,5.0,73.0,T,"['Racing', ' Simulation', ' Automobile']","Jun 26, 2018",2018.0,Ubisoft,0.2,0.1,0.0,0.03,0.33
161,LEGO Worlds,69,20,6.6,34.0,E10+,"['Action Adventure', ' Sandbox']","Mar 7, 2017",2017.0,Warner Bros. Interactive Entertainment,0.28,0.35,0.0,0.05,0.69
162,Darksiders III,69,19,7.1,124.0,M,"['Action Adventure', ' Open-World']","Nov 27, 2018",2018.0,THQ Nordic,0.11,0.0,0.0,0.01,0.12
163,Monster Energy Supercross - The Official Videogame,69,8,7.6,13.0,E,"['Racing', ' Arcade', ' Automobile']","Feb 13, 2018",2018.0,Milestone S.r.l.,0.08,0.0,0.0,0.01,0.08
164,WWE 2K17,68,12,4.8,44.0,T,"['Sports', ' Individual', ' Combat', ' Wrestling']","Oct 11, 2016",2016.0,2K Games,0.26,0.26,0.0,0.05,0.57
165,The Technomancer,68,12,7.1,68.0,M,"['Role-Playing', ' General', ' Western-Style']","Jun 28, 2016",2016.0,Focus Home Interactive,0.03,0.02,0.0,0.0,0.05
166,Kung Fu Panda: Showdown of Legendary Legends,68,4,4.9,14.0,E10+,"['Action', ' Action Adventure', ' General', ' Fighting', ' 2D']","Dec 1, 2015",2015.0,Little Orbit,0.0,0.0,0.0,0.0,0.0
167,Baja: Edge of Control HD,67,6,,,E,"['Racing', ' Simulation', ' Automobile']","Sep 14, 2017",2017.0,THQ Nordic,0.05,0.0,0.0,0.01,0.05
168,Assassin's Creed Chronicles: China,67,31,5.8,110.0,T,"['Historic', ' Action Adventure', ' General', ' Linear']","Apr 21, 2015",2015.0,Ubisoft,0.0,0.0,0.0,0.0,0.0
169,Marvel's Guardians of the Galaxy: The Telltale Series,67,4,7.1,12.0,T,"['Action', ' Adventure', ' General', ' 3D', ' Third-Person']","Apr 18, 2017",2017.0,Warner Bros. Interactive Entertainment,0.05,0.0,0.0,0.01,0.05
170,Disneyland Adventures,67,9,5.7,20.0,E10+,"['Action Adventure', ' General']","Oct 31, 2017",2017.0,Microsoft Studios,0.05,0.01,0.0,0.01,0.07
171,Monochroma,66,11,,,T,"['Action', ' Platformer', ' 2D']","Jun 24, 2016",2014.0,Unknown,0.0,0.0,0.0,0.0,0.0
172,A Boy and His Blob,66,4,,,E,"['Action', ' Platformer', ' 2D']","Jan 20, 2016",,,0.0,0.0,0.0,0.0,0.0
173,Neverwinter,66,14,5.0,161.0,T,"['Role-Playing', ' Massively Multiplayer Online', ' Massively Multiplayer', ' Fantasy']","Mar 31, 2015",,,0.0,0.0,0.0,0.0,0.0
174,Cobalt,66,13,7.3,19.0,E10+,"['Action', ' Platformer', ' Platformer', ' 2D', ' 2D']","Feb 2, 2016",,,0.0,0.0,0.0,0.0,0.0
175,FlatOut 4: Total Insanity,66,15,5.9,20.0,T,"['Racing', ' Arcade', ' Automobile']","Mar 17, 2017",2017.0,Bigben Interactive,0.01,0.0,0.0,0.0,0.01
176,Never Alone,66,14,6.7,39.0,E10+,"['Action', ' Platformer', ' 2D']","Nov 19, 2014",,,0.0,0.0,0.0,0.0,0.0
177,Just Dance 2016,66,10,6.1,18.0,E10+,"['Action', ' Rhythm', ' Dancing']","Oct 20, 2015",2015.0,Ubisoft,0.3,0.04,0.0,0.04,0.38
178,Sherlock Holmes: The Devil's Daughter,66,12,7.2,45.0,T,"['Adventure', ' General']","Jun 10, 2016",2016.0,Bigben Interactive,0.05,0.0,0.0,0.01,0.06
179,Agatha Christie's The ABC Murders,66,7,6.6,10.0,T,"['Adventure', ' 3D', ' Third-Person']","Feb 23, 2016",2016.0,Microids,0.04,0.0,0.0,0.01,0.05
180,Ride 2,66,7,7.4,13.0,E,"['Racing', ' Simulation', ' Automobile']","Feb 14, 2017",2016.0,Milestone S.r.l,0.06,0.01,0.0,0.01,0.08
181,Anthem,65,24,3.9,669.0,T,"['Role-Playing', ' Action RPG']","Feb 22, 2019",2019.0,Electronic Arts,0.0,0.0,0.0,0.0,0.0
182,Battle Worlds: Kronos,65,4,5.3,4.0,E10+,"['Strategy', ' Turn-Based', ' General']","Apr 26, 2016",2016.0,Nordic Games,0.01,0.0,0.0,0.0,0.01
183,Powerstar Golf,65,27,5.6,133.0,E,"['Arcade', ' Sports', ' Traditional', ' Individual', ' Golf', ' Arcade']","Nov 22, 2013",,,0.0,0.0,0.0,0.0,0.0
184,The Crew: Wild Run,65,5,6.3,22.0,T,"['Racing', ' Simulation', ' Automobile']","Nov 17, 2015",2015.0,Ubisoft,0.0,0.02,0.0,0.0,0.02
185,The Escapists: The Walking Dead,65,19,7.3,6.0,T,"['Action', ' General']","Sep 30, 2015",2015.0,Team17 Software,0.0,0.0,0.0,0.0,0.0
186,F1 2015,64,13,6.2,26.0,E,"['Racing', ' Simulation', ' Automobile']","Jul 21, 2015",2015.0,Codemasters,0.09,0.15,0.0,0.02,0.25
187,The Golf Club,64,15,5.3,63.0,E,"['Traditional', ' Sports', ' Individual', ' Golf', ' Sim']","Aug 19, 2014",2015.0,Ravenscourt,0.07,0.0,0.0,0.01,0.07
188,Assassin's Creed Chronicles: India,64,20,5.1,44.0,T,"['Action Adventure', ' Linear']","Jan 12, 2016",,,0.0,0.0,0.0,0.0,0.0
189,Kaiju Panic,64,4,,,E10+,"['Strategy', ' Real-Time', ' Command']","Oct 9, 2015",,,0.0,0.0,0.0,0.0,0.0
190,We Happy Few,64,17,5.5,72.0,M,"['Action Adventure', ' General']","Aug 10, 2018",2018.0,Gearbox Software,0.07,0.01,0.0,0.01,0.09
191,The Crew,64,18,5.8,190.0,T,"['GT / Street', ' Driving', ' Racing', ' Simulation', ' GT / Street', ' Automobile']","Dec 2, 2014",2014.0,Ubisoft,0.32,0.34,0.0,0.06,0.71
192,Resident Evil 6,63,12,6.9,96.0,M,"['Action Adventure', ' Survival']","Mar 29, 2016",2016.0,Capcom,0.06,0.0,0.0,0.01,0.07
193,ReCore,63,75,6.7,582.0,T,"['Action Adventure', ' General']","Sep 13, 2016",2016.0,Microsoft Studios,0.16,0.06,0.01,0.02,0.26
194,Assetto Corsa,63,10,6.5,33.0,E,"['Racing', ' Simulation', ' Automobile']","Aug 30, 2016",2016.0,505 Games,0.0,0.01,0.0,0.0,0.02
195,Shiftlings,63,10,5.8,4.0,T,"['Action', ' Platformer', ' 2D']","Mar 4, 2015",,,0.0,0.0,0.0,0.0,0.0
196,Sonic Forces,62,12,7.1,205.0,E10+,"['Action Adventure', ' General']","Nov 7, 2017",2017.0,Sega,0.15,0.11,0.0,0.03,0.29
197,Assassin's Creed Chronicles: Russia,62,24,4.5,36.0,T,"['Action Adventure', ' Linear']","Feb 9, 2016",,,0.0,0.0,0.0,0.0,0.0
198,Inside My Radio,62,5,,,E10+,"['Action', ' Platformer', ' 2D']","Sep 18, 2015",,,0.0,0.0,0.0,0.0,0.0
199,Elex,62,8,6.4,523.0,M,"['Role-Playing', ' Western-Style']","Oct 17, 2017",2017.0,THQ Nordic,0.04,0.0,0.0,0.0,0.04
200,Kinect Sports Rivals,60,53,5.0,146.0,E10+,"['General', ' Sports', ' General']","Apr 8, 2014",2014.0,Microsoft Studios,0.3,0.25,0.02,0.05,0.62
201,Rory McIlroy PGA Tour,60,26,4.2,75.0,E,"['Traditional', ' Sports', ' Individual', ' Golf', ' Sim']","Jul 14, 2015",2015.0,Electronic Arts,0.16,0.09,0.0,0.02,0.28
202,The Peanuts Movie: Snoopy's Grand Adventure,60,9,5.0,4.0,E,"['Action', ' Platformer', ' 2D']","Nov 3, 2015",2015.0,Activision,0.0,0.0,0.0,0.0,0.0
203,The Town of Light,60,13,6.6,17.0,M,"['Adventure', ' 3D', ' First-Person']","Jun 6, 2017",2017.0,THQ Nordic,0.01,0.0,0.0,0.0,0.01
204,NBA Live 16,60,17,5.6,70.0,E,"['Sports', ' Team', ' Basketball', ' Sim']","Sep 29, 2015",2015.0,EA Sports,0.11,0.01,0.0,0.01,0.13
205,Gunscape,60,4,,,T,"['Action', ' Shooter', ' First-Person', ' Sci-Fi', ' Arcade']","Mar 2, 2016",,,0.0,0.0,0.0,0.0,0.0
206,Beyond Eyes,60,24,5.6,28.0,E,"['Action Adventure', ' General']","Aug 4, 2015",,,0.0,0.0,0.0,0.0,0.0
207,Crackdown 3,60,82,4.2,938.0,M,"['Action', ' Sci-Fi', ' Third-Person', ' Shooter', ' Action Adventure', ' Open-World']","Feb 15, 2019",2019.0,Microsoft Studios,0.0,0.0,0.0,0.0,0.0
208,Naruto to Boruto: Shinobi Striker,60,7,5.7,15.0,T,"['Action', ' Fighting', ' 3D']","Aug 31, 2018",2018.0,Bandai Namco Games,0.17,0.0,0.0,0.02,0.19
209,Cars 3: Driven to Win,59,9,7.0,5.0,E10+,"['Racing', ' Arcade', ' Automobile']","Jun 13, 2017",2017.0,Warner Bros. Interactive Entertainment,0.04,0.0,0.0,0.01,0.05
210,Tetris Ultimate,59,8,4.2,13.0,E,"['Miscellaneous', ' Puzzle', ' Stacking']","Dec 16, 2014",2014.0,Ubisoft,0.0,0.0,0.0,0.0,0.0
211,NHL 15,59,22,3.2,181.0,E10+,"['Sports', ' Traditional', ' Team', ' Ice Hockey', ' Sim']","Sep 9, 2014",2014.0,EA Sports,0.32,0.06,0.0,0.04,0.42
212,Slender: The Arrival,59,6,6.9,19.0,T,"['Adventure', ' 3D', ' First-Person']","Mar 25, 2015",2015.0,Unknown,0.0,0.0,0.0,0.0,0.0
213,Moto Racer 4,59,6,4.4,5.0,E,"['Racing', ' Arcade', ' Other']","Jan 24, 2017",2016.0,PQube,0.02,0.0,0.0,0.0,0.02
214,Dead by Daylight,58,10,6.0,53.0,M,"['Action Adventure', ' Survival']","Jun 20, 2017",2017.0,505 Games,0.08,0.03,0.0,0.01,0.12
215,Shape Up,58,6,7.6,33.0,E,"['Miscellaneous', ' Exercise / Fitness']","Nov 11, 2014",2014.0,Ubisoft,0.08,0.09,0.0,0.01,0.18
216,The Dwarves,58,13,3.9,21.0,M,"['Role-Playing', ' General']","Dec 1, 2016",2016.0,THQ Nordic,0.02,0.0,0.0,0.0,0.02
217,Black Mirror,57,10,2.9,9.0,M,"['Adventure', ' 3D', ' Third-Person']","Nov 28, 2017",2017.0,THQ Nordic,0.03,0.0,0.0,0.0,0.03
218,Sniper: Ghost Warrior 3,57,12,6.4,102.0,M,"['Action', ' Shooter', ' First-Person', ' Tactical', ' Modern']","Apr 25, 2017",2017.0,City Interactive,0.11,0.05,0.0,0.02,0.18
219,WWE 2K15,56,25,5.3,68.0,T,"['Action', ' Sports', ' Fighting', ' Individual', ' Combat', ' Wrestling']","Nov 18, 2014",2014.0,2K Sports,0.32,0.23,0.0,0.05,0.61
220,Crimson Dragon,55,39,6.5,257.0,T,"['Shooter', ' Rail', ' Action', ' Shooter', ' Rail']","Nov 22, 2013",,,0.0,0.0,0.0,0.0,0.0
221,Teenage Mutant Ninja Turtles: Mutants in Manhattan,55,14,5.9,42.0,T,"['Action', "" Beat-'Em-Up"", ' 3D']","May 24, 2016",2016.0,Activision,0.05,0.01,0.0,0.01,0.07
222,FORCED,54,4,,,T,"['Role-Playing', ' Action RPG']","Oct 21, 2015",,,0.0,0.0,0.0,0.0,0.0
223,Goat Simulator,53,15,6.3,72.0,T,"['Simulation', ' General']","Apr 17, 2015",2016.0,Koch Media,0.0,0.01,0.0,0.0,0.01
224,Friday the 13th: The Game,53,9,5.7,71.0,M,"['Action Adventure', ' Survival']","May 26, 2017",2017.0,Gun Media,0.21,0.03,0.0,0.03,0.27
225,Halo: Spartan Assault,53,28,4.5,267.0,T,"['Action', ' General', ' Shooter', ' Scrolling', "" Shoot-'Em-Up"", ' Top-Down', ' Vertical']","Dec 23, 2013",,,0.0,0.0,0.0,0.0,0.0
226,Extinction,52,18,1.7,27.0,M,"['Action Adventure', ' General']","Apr 10, 2018",2018.0,Maximum Games,0.04,0.0,0.0,0.01,0.05
227,Carmageddon: Max Damage,52,15,7.2,23.0,M,"['Racing', ' Arcade', ' Automobile']","Jul 5, 2016",2016.0,Stainless Games,0.02,0.01,0.0,0.0,0.03
228,No Time to Explain,52,9,5.3,9.0,T,"['Action', ' Platformer', ' 2D']","Jul 17, 2015",,,0.0,0.0,0.0,0.0,0.0
229,Murdered: Soul Suspect,51,17,7.1,155.0,M,"['Action', ' Action Adventure', ' General', ' Horror', ' Survival']","Jun 3, 2014",2014.0,Square Enix,0.08,0.07,0.0,0.01,0.17
230,AereA,50,7,4.0,4.0,E10+,"['Role-Playing', ' Action RPG']","Jun 30, 2017",2017.0,Soedesco,0.0,0.0,0.0,0.0,0.0
231,Homefront: The Revolution,49,12,4.4,136.0,M,"['Modern', ' Action', ' Shooter', ' First-Person', ' Arcade']","May 17, 2016",2016.0,Deep Silver,0.1,0.09,0.0,0.02,0.21
232,LocoCycle,48,46,4.0,100.0,T,"['Driving', ' Racing', ' General', ' General', ' Arcade', ' Automobile']","Nov 22, 2013",,,0.0,0.0,0.0,0.0,0.0
233,Bladestorm: Nightmare,48,6,6.9,9.0,T,"['Action', "" Beat-'Em-Up"", ' 3D']","Mar 17, 2015",2015.0,Tecmo Koei,0.06,0.02,0.0,0.01,0.08
234,The Amazing Spider-Man 2,46,12,4.7,62.0,T,"['Action', ' Action Adventure', ' General', ' General', ' Open-World']","Apr 29, 2014",2014.0,Activision,0.0,0.0,0.0,0.0,0.0
235,Raid: World War II,46,7,5.6,8.0,M,"['Action Adventure', ' General']","Oct 10, 2017",2017.0,505 Games,0.03,0.0,0.0,0.0,0.03
236,R.B.I. Baseball 15,46,4,4.6,22.0,E,"['Sports', ' Team', ' Baseball', ' Arcade']","Apr 1, 2015",2015.0,MLB.com,0.0,0.0,0.0,0.0,0.0
237,Dead Alliance,43,7,3.4,5.0,M,"['Action', ' General', ' Shooter', ' First-Person', ' Tactical']","Aug 29, 2017",2017.0,Maximum Games,0.03,0.0,0.0,0.0,0.04
238,Funk of Titans,43,22,4.3,39.0,T,"['Action', ' Platformer', ' 2D']","Jan 9, 2015",,,0.0,0.0,0.0,0.0,0.0
239,Hello Neighbor,42,13,4.4,67.0,E10+,"['Action', ' Adventure', ' General', ' 3D', ' First-Person']","Dec 8, 2017",2017.0,Gearbox Software,0.27,0.11,0.0,0.04,0.42
240,Tony Hawk's Pro Skater 5,39,18,2.1,132.0,T,"['Sports', ' Individual', ' Skate / Skateboard']","Sep 29, 2015",2015.0,Activision,0.11,0.02,0.0,0.01,0.14
241,Overlord: Fellowship of Evil,36,6,3.6,8.0,T,"['Role-Playing', ' Action RPG']","Oct 20, 2015",,,0.0,0.0,0.0,0.0,0.0
242,7 Days to Die,35,17,5.4,101.0,M,"['Action', ' Action Adventure', ' Shooter', ' Survival', ' Sandbox', ' First-Person', ' Arcade']","Jun 28, 2016",2016.0,Telltale Games,0.09,0.02,0.0,0.01,0.12
243,Troll and I,33,5,5.0,6.0,T,"['Action Adventure', ' General']","Mar 21, 2017",2017.0,Maximum Games,0.02,0.0,0.0,0.0,0.02
244,Alekhine's Gun,33,6,2.5,28.0,M,"['Action Adventure', ' General']","Mar 1, 2016",2016.0,Maximum Games,0.0,0.0,0.0,0.0,0.0
245,Road Rage,33,6,3.3,7.0,M,"['Simulation', ' Vehicle', ' Combat']","Nov 14, 2017",2017.0,Maximum Games,0.04,0.0,0.0,0.0,0.04
246,Fighter Within,23,39,2.8,211.0,T,"['Sports', ' General', ' General']","Nov 19, 2013",2013.0,Ubisoft,0.08,0.07,0.0,0.01,0.17
247,Rugby 15,20,4,2.9,32.0,E,"['Alternative', ' Sports', ' Team', ' Rugby']","Feb 24, 2015",2015.0,Bigben Interactive,0.03,0.05,0.0,0.01,0.09
248,Monster Hunter: World,90,17,7.1,402.0,T,"['Role-Playing', ' Action RPG']","Jan 26, 2018",2018.0,Capcom,0.67,0.17,0.0,0.09,0.93
249,Battlefield 1,87,39,7.6,666.0,M,"['Action', ' General', ' Shooter', ' First-Person', ' Tactical']","Oct 18, 2016",2016.0,Electronic Arts,3.37,1.26,0.02,0.48,5.13
250,Forza Motorsport 6,87,85,7.8,854.0,E,"['Driving', ' GT / Street', ' Racing', ' Simulation', ' Automobile']","Sep 15, 2015",2015.0,Microsoft Studios,0.9,0.92,0.04,0.16,2.02
251,XCOM 2,87,17,7.6,91.0,T,"['Strategy', ' Turn-Based', ' General', ' Tactics']","Sep 27, 2016",2016.0,2K Games,0.15,0.02,0.0,0.02,0.19
252,Mortal Kombat X,86,21,7.5,341.0,M,"['Action', ' Fighting', ' 2D', ' 3D']","Apr 14, 2015",2015.0,Warner Bros. Interactive Entertainment,1.34,0.23,0.0,0.18,1.74
253,Pinball FX 2,85,5,7.0,41.0,E10+,"['Action', ' Miscellaneous', ' Parlor', ' Pinball']","Aug 14, 2014",,,0.0,0.0,0.0,0.0,0.0
254,Halo: The Master Chief Collection,85,69,7.5,1479.0,M,"['Miscellaneous', ' Compilation', ' Action', ' Shooter', ' First-Person', ' Sci-Fi', ' Arcade']","Nov 11, 2014",2014.0,Microsoft Studios,2.06,1.04,0.03,0.31,3.44
255,Fortnite,85,5,3.5,228.0,T,"['Action', ' Shooter', ' Third-Person', ' Tactical']","Jul 21, 2017",2017.0,Gearbox Software,0.6,0.09,0.0,0.08,0.77
256,South Park: The Fractured But Whole,84,31,7.9,115.0,M,"['Role-Playing', ' General']","Oct 17, 2017",2017.0,Ubisoft,0.4,0.17,0.0,0.06,0.62
257,FIFA 17,84,51,5.1,271.0,E,"['Sports', ' Team', ' Soccer', ' Sim']","Sep 27, 2016",2016.0,Electronic Arts,1.04,2.4,0.0,0.27,3.71
258,Madden NFL 16,84,23,6.0,127.0,E,"['Sports', ' Team', ' Football', ' Sim']","Aug 25, 2015",2015.0,EA Sports,2.13,0.08,0.0,0.26,2.47
259,Little Nightmares,83,22,7.8,56.0,T,"['Action Adventure', ' General', ' Linear']","Apr 28, 2017",2017.0,Namco Bandai Games,0.12,0.03,0.0,0.02,0.16
260,Metro Exodus,82,32,6.8,563.0,M,"['Action', ' Shooter', ' First-Person', ' Arcade']","Feb 15, 2019",2019.0,Deep Silver,0.0,0.0,0.0,0.0,0.0
261,Far Cry 4,82,15,7.6,448.0,M,"['Action', ' Shooter', ' First-Person', ' Modern', ' Arcade']","Nov 18, 2014",2014.0,Ubisoft,0.85,0.68,0.02,0.14,1.68
262,Bulletstorm: Full Clip Edition,82,13,7.2,29.0,M,"['Action', ' Shooter', ' First-Person', ' Arcade']","Apr 7, 2017",2017.0,Gearbox Software,0.06,0.01,0.0,0.01,0.08
263,Mega Man Legacy Collection,80,30,8.4,74.0,E,"['Miscellaneous', ' Compilation']","Aug 25, 2015",2016.0,Capcom,0.0,0.0,0.0,0.0,0.0
264,Rock Band 4,79,27,6.5,56.0,T,"['Action', ' Rhythm', ' Music']","Oct 6, 2015",2015.0,Harmonix Music Systems,0.62,0.05,0.0,0.08,0.75
265,Torment: Tides of Numenera,79,12,6.9,39.0,M,"['General', ' Role-Playing', ' Western-Style']","Feb 28, 2017",2017.0,Techland,0.01,0.0,0.0,0.0,0.01
266,Resident Evil: Revelations,78,6,8.5,46.0,M,"['Action Adventure', ' Survival']","Aug 29, 2017",2017.0,Capcom,0.02,0.0,0.0,0.0,0.02
267,Quantum Break,77,106,7.1,1954.0,M,"['General', ' Action', ' General']","Apr 5, 2016",2016.0,Microsoft Studios,0.42,0.25,0.02,0.07,0.76
268,Wulverblade,77,12,7.4,9.0,M,"['Action', "" Beat-'Em-Up"", ' 2D']","Jan 31, 2018",,,0.0,0.0,0.0,0.0,0.0
269,Plants vs Zombies: Garden Warfare,76,65,7.5,448.0,E10+,"['General', ' Action', ' General', ' Shooter', ' Third-Person', ' Tactical']","Feb 25, 2014",2014.0,Electronic Arts,0.39,0.25,0.0,0.06,0.71
270,Mass Effect: Andromeda,76,35,5.0,1061.0,M,"['Role-Playing', ' Action RPG']","Mar 21, 2017",2017.0,Electronic Arts,0.5,0.2,0.0,0.07,0.78
271,Raiden V,75,13,7.8,10.0,E,"['Action', ' Shooter', "" Shoot-'Em-Up"", ' Vertical']","May 11, 2016",2016.0,Moss,0.0,0.0,0.0,0.0,0.0
272,Transformers: Devastation,75,25,7.5,66.0,T,"['Action', "" Beat-'Em-Up"", ' 3D']","Oct 6, 2015",2015.0,Activision,0.1,0.04,0.0,0.01,0.15
273,The Escapists,74,31,6.7,32.0,T,"['Action', ' General']","Feb 13, 2015",,,0.0,0.0,0.0,0.0,0.0
274,Attack on Titan 2,74,10,6.5,15.0,M,"['Action', ' General']","Mar 20, 2018",2018.0,Koei Tecmo,0.08,0.0,0.0,0.01,0.09
275,Chariot,73,14,7.5,60.0,E,"['Action', ' Platformer', ' 2D']","Oct 1, 2014",,,0.0,0.0,0.0,0.0,0.0
276,Pure Farming 2018,73,9,7.0,5.0,E,"['Simulation', ' Virtual', ' Career']","Mar 13, 2018",2018.0,Techland,0.03,0.0,0.0,0.0,0.03
277,Killer Instinct,73,51,6.3,641.0,T,"['Action', ' Fighting', ' Fighting', ' 3D', ' 2D', ' 3D']","Nov 22, 2013",2020.0,Microsoft Game Studios,0.0,0.0,0.0,0.0,0.0
278,Madden NFL 25,73,18,5.8,113.0,E,"['Sports', ' Traditional', ' Team', ' Football', ' Arcade', ' Arcade', ' Sim']","Nov 19, 2013",2013.0,EA Sports,0.69,0.06,0.0,0.09,0.83
279,Sword Art Online: Fatal Bullet,72,8,7.3,32.0,T,"['Action', ' Shooter', ' Third-Person', ' Arcade']","Feb 23, 2018",2018.0,Namco Bandai Games,0.09,0.0,0.0,0.01,0.1
280,Battleborn,71,20,7.1,179.0,T,"['Sci-Fi', ' Action', ' Shooter', ' First-Person', ' Tactical', ' Arcade']","May 3, 2016",2016.0,2K Games,0.2,0.05,0.0,0.03,0.28
281,Worms Battlegrounds,70,12,6.2,39.0,E10+,"['Strategy', ' Turn-Based', ' Wargame', ' Artillery']","May 30, 2014",,,0.0,0.0,0.0,0.0,0.0
282,Below,70,30,5.4,63.0,T,"['General', ' Action', ' General']","Dec 14, 2018",,,0.0,0.0,0.0,0.0,0.0
283,Vampyr,70,16,6.7,131.0,M,"['Role-Playing', ' General', ' Action RPG']","Jun 5, 2018",2018.0,Focus Home Interactive,0.07,0.04,0.0,0.01,0.12
284,Lock's Quest,69,5,,,E10+,"['Strategy', ' Real-Time', ' Defense']","May 30, 2017",2017.0,THQ Nordic,0.01,0.0,0.0,0.0,0.02
285,Kingdom Come: Deliverance,68,18,7.6,275.0,M,"['Historic', ' Role-Playing', ' Action Adventure', ' General', ' Action RPG']","Feb 13, 2018",2018.0,Deep Silver,0.14,0.06,0.0,0.02,0.22
286,Pure Pool,68,7,6.9,8.0,E,"['Alternative', ' Other', ' Sports', ' Miscellaneous', ' Parlor', ' Individual', ' Billiards']","Nov 14, 2014",,,0.0,0.0,0.0,0.0,0.0
287,WWE 2K18,67,15,4.4,37.0,T,"['Sports', ' Individual', ' Combat', ' Wrestling']","Oct 13, 2017",2017.0,2K Sports,0.35,0.25,0.0,0.06,0.66
288,Shiness: The Lightning Kingdom,67,8,7.4,8.0,T,"['Role-Playing', ' Action RPG']","Apr 18, 2017",,,0.0,0.0,0.0,0.0,0.0
289,Mafia III,67,21,4.8,365.0,M,"['Action Adventure', ' Open-World']","Oct 7, 2016",2016.0,2K Games,0.54,0.48,0.0,0.09,1.11
290,Outcast: Second Contact,67,7,7.4,5.0,T,"['Action Adventure', ' Adventure', ' General', ' Open-World']","Nov 7, 2017",2017.0,Bigben Interactive,0.0,0.0,0.0,0.0,0.0
291,The Sims 4,66,19,3.1,54.0,T,"['Simulation', ' Virtual', ' Virtual Life']","Nov 17, 2017",2017.0,Electronic Arts,0.42,0.24,0.0,0.07,0.73
292,Farming Simulator 17,65,9,7.0,7.0,E,"['Simulation', ' Virtual', ' Career']","Oct 25, 2016",2016.0,Focus Home Interactive,0.19,0.11,0.0,0.03,0.33
293,Costume Quest 2,65,5,6.3,22.0,E10+,"['Role-Playing', ' Action RPG', ' Japanese-Style']","Oct 29, 2014",,,0.0,0.0,0.0,0.0,0.0
294,Vikings: Wolves of Midgard,64,7,7.5,13.0,M,"['Role-Playing', ' Action RPG']","Mar 28, 2017",2017.0,Kalypso Media,0.01,0.0,0.0,0.0,0.02
295,Super Lucky's Tale,64,51,7.0,169.0,E,"['2D', ' Action', ' Platformer', ' 3D']","Nov 7, 2017",2017.0,Microsoft Studios,0.13,0.07,0.0,0.02,0.22
296,Zombie Army Trilogy,62,10,6.9,48.0,M,"['Action', ' Shooter', ' Third-Person', ' Arcade']","Mar 6, 2015",2015.0,Rebellion Developments,0.05,0.05,0.0,0.01,0.12
297,Metal Gear Survive,62,14,1.9,195.0,M,"['Action Adventure', ' General']","Feb 20, 2018",2018.0,Konami Digital Entertainment,0.05,0.01,0.0,0.01,0.08
298,One Piece: Burning Blood,60,10,6.4,16.0,T,"['Action', ' Fighting', ' 3D']","May 31, 2016",2016.0,Namco Bandai Games,0.11,0.07,0.0,0.02,0.19
299,NASCAR Heat 2,59,4,,,E,"['Racing', ' Simulation', ' Automobile']","Sep 12, 2017",2017.0,505 Games,0.11,0.0,0.0,0.01,0.12
300,Rugby 18,56,6,6.6,5.0,E,"['Sports', ' Team', ' Rugby']","Oct 24, 2017",2017.0,Koch Media,0.04,0.0,0.0,0.01,0.05
301,Mighty No. 9,55,13,4.1,105.0,E10+,"['Platformer', ' 2D', ' Action', ' Platformer', ' 2D']","Jun 21, 2016",2016.0,Deep Silver,0.04,0.0,0.0,0.01,0.05
302,NBA Live 15,53,9,6.8,52.0,E,"['Sports', ' Traditional', ' Team', ' Basketball', ' Arcade']","Oct 28, 2014",2014.0,Electronic Arts,0.18,0.02,0.0,0.02,0.22
303,Super Dungeon Bros,53,11,2.1,16.0,E10+,"['Action', ' General']","Nov 1, 2016",2016.0,Wired Productions,0.0,0.0,0.0,0.0,0.0
304,Blue Estate,51,4,7.4,19.0,M,"['Action', ' Shooter', ' Light Gun', ' Rail']","Feb 18, 2015",2014.0,Focus Home Interactive,0.0,0.0,0.0,0.0,0.0
305,De-formers,49,7,,,E10+,"['Action', ' Arcade']","Mar 24, 2017",,,0.0,0.0,0.0,0.0,0.0
306,Grand Theft Auto V,97,14,7.8,1087.0,M,"['Action Adventure', ' Modern', ' Open-World']","Nov 18, 2014",2014.0,Rockstar Games,4.7,3.25,0.01,0.76,8.72
307,Forza Horizon 3,91,91,8.0,1052.0,E,"['Racing', ' Simulation', ' Automobile']","Sep 23, 2016",2016.0,Microsoft Studios,1.64,1.96,0.02,0.32,3.93
308,Destiny: The Taken King,89,11,5.2,415.0,T,"['Action', ' Shooter', ' First-Person', ' Arcade']","Sep 15, 2015",2015.0,Activision,0.91,0.23,0.0,0.12,1.27
309,Wolfenstein II: The New Colossus,88,21,6.4,390.0,M,"['Action', ' Shooter', ' First-Person', ' Arcade']","Oct 27, 2017",2017.0,Bethesda Softworks,0.45,0.19,0.0,0.07,0.7
310,Dark Souls III,87,14,8.6,649.0,M,"['Role-Playing', ' Action RPG']","Apr 12, 2016",2016.0,Namco Bandai Games,0.56,0.15,0.0,0.08,0.79
311,Rocket League,87,22,8.1,275.0,E,"['Sports', ' Team', ' Soccer', ' Arcade']","Feb 17, 2016",2016.0,505 Games,0.52,0.75,0.0,0.11,1.38
312,Titanfall 2,87,32,8.3,458.0,M,"['Action', ' Shooter', ' First-Person', ' Arcade']","Oct 28, 2016",2016.0,Electronic Arts,0.88,0.37,0.0,0.13,1.37
313,NBA 2K16,86,14,6.1,120.0,E10+,"['Action', ' General', ' Sports', ' Team', ' Basketball', ' Sim']","Sep 25, 2015",2015.0,2K Sports,2.01,0.15,0.0,0.25,2.41
314,FIFA 15,82,33,5.4,359.0,E,"['Sports', ' Traditional', ' Team', ' Soccer', ' Sim']","Sep 23, 2014",2014.0,EA Sports,0.64,1.39,0.0,0.16,2.19
315,Darksiders: Warmastered Edition,80,17,8.1,37.0,M,"['Action Adventure', ' Open-World']","Nov 22, 2016",2016.0,THQ Nordic,0.04,0.0,0.0,0.0,0.04
316,Kingdom Hearts III,80,23,8.3,547.0,E10+,"['Action RPG', ' Action Adventure', ' Fantasy', ' Role-Playing', ' Action RPG']","Jan 29, 2019",2019.0,Square Enix,0.0,0.0,0.0,0.0,0.0
317,Ultimate Marvel vs. Capcom 3,78,5,7.9,15.0,T,"['Action', ' Fighting', ' 2D']","Mar 7, 2017",2017.0,Capcom,0.12,0.0,0.0,0.01,0.14
318,Dragon Ball: Xenoverse 2,73,9,7.1,50.0,T,"['Action', ' Fighting', ' 3D']","Oct 25, 2016",2016.0,Namco Bandai Games,0.33,0.09,0.0,0.05,0.47
319,Dead Rising 4,72,86,4.7,359.0,M,"['Action Adventure', ' Open-World']","Dec 6, 2016",2016.0,Microsoft Studios,0.41,0.25,0.0,0.06,0.73
320,LEGO Jurassic World,70,17,6.7,51.0,E10+,"['Action Adventure', ' General']","Jun 12, 2015",2015.0,Warner Bros. Interactive Entertainment,0.44,0.27,0.0,0.07,0.78
321,The LEGO Movie Videogame,69,18,6.8,57.0,E10+,"['Action Adventure', ' Fantasy', ' General', ' Fantasy']","Feb 7, 2014",2014.0,Warner Bros. Interactive Entertainment,0.42,0.17,0.0,0.06,0.65
322,Song of the Deep,66,12,7.2,26.0,E,"['Action Adventure', ' General']","Jul 12, 2016",2016.0,Insomniac Games,0.12,0.0,0.0,0.01,0.13
323,Pneuma: Breath of Life,63,17,6.8,58.0,E,"['Sci-Fi', ' Adventure', ' 3D', ' First-Person']","Feb 27, 2015",,,0.0,0.0,0.0,0.0,0.0
324,NBA Live 14,36,14,3.1,89.0,E,"['Arcade', ' Sports', ' Traditional', ' Team', ' Basketball', ' Arcade']","Nov 19, 2013",2013.0,EA Sports,0.19,0.02,0.0,0.02,0.24
325,FRU,84,24,6.8,37.0,E,"['Miscellaneous', ' Puzzle', ' Action']","Jul 13, 2016",,,0.0,0.0,0.0,0.0,0.0
326,Fantasia: Music Evolved,77,48,7.5,70.0,E10+,"['Music', ' Action', ' Miscellaneous', ' Rhythm', ' Music']","Oct 21, 2014",2014.0,Disney Interactive Studios,0.14,0.03,0.0,0.02,0.19
327,The Surge,74,17,7.1,72.0,M,"['Role-Playing', ' Action RPG']","May 16, 2017",2017.0,Koch Media,0.07,0.04,0.0,0.01,0.12
328,Mount & Blade: Warband,59,10,7.8,40.0,T,"['Role-Playing', ' Western-Style']","Sep 16, 2016",2016.0,Koch Media,0.0,0.0,0.0,0.0,0.0
