,Game,metacritic_score,metacritic_review_count,user_score,user_review_count,content_rating,genres,release_year,Publisher,global_unit_sales
0,Red Dead Redemption 2,97,33,7.7,2413.0,M,"['Action Adventure', ' Open-World']",2018,Rockstar Games,5.77
1,Metal Gear Solid V: The Phantom Pain,95,10,7.4,1111.0,M,"['Modern', ' Modern', ' Action Adventure', ' Open-World']",2015,Konami Digital Entertainment,0.83
2,Inside,93,87,8.3,629.0,M,"['Action', ' Platformer', ' 2D']",2016,,0.0
3,The Witcher 3: Wild Hunt,91,13,9.2,4585.0,M,"['Action RPG', ' Role-Playing', ' Action RPG']",2015,Namco Bandai Games,1.74
4,Rayman Legends,91,6,7.9,243.0,E10+,"['Platformer', ' 2D', ' Action', ' Platformer', ' 2D']",2014,Ubisoft,0.38
5,Overwatch,91,18,5.9,886.0,T,"['Action', ' Shooter', ' First-Person', ' Tactical']",2016,Blizzard Entertainment,2.72
6,Nba 2K17,90,17,5.9,132.0,E,"['Sports', ' Team', ' Basketball', ' Sim']",2016,2K Sports,2.04
7,Call Of Duty: Modern Warfare Remastered,89,6,6.0,133.0,M,"['Arcade', ' Action', ' Shooter', ' First-Person', ' Tactical']",2016,Activision,0.24
8,Stardew Valley,89,10,7.8,105.0,E10+,"['Role-Playing', ' General']",2016,505 Games,0.03
9,Injustice 2,89,23,8.1,223.0,T,"['Action', ' Fighting', ' 2D']",2017,Warner Bros. Interactive Entertainment,0.89
10,Fallout 4,88,39,6.5,1971.0,M,"['General', ' Role-Playing', ' Western-Style']",2015,Bethesda Softworks,5.03
11,Dishonored 2,88,25,7.3,252.0,M,"['Action Adventure', ' General']",2016,Bethesda Softworks,0.86
12,Ori And The Blind Forest,88,73,8.6,888.0,E,"['Action', ' Platformer', ' 2D']",2015,,0.0
13,Middle-Earth: Shadow Of Mordor,87,12,7.9,689.0,M,"['Fantasy', ' Action Adventure', ' Fantasy', ' Open-World']",2014,Warner Bros. Interactive Entertainment,1.42
14,Pro Evolution Soccer 2017,87,12,5.9,99.0,E,"['Sports', ' Team', ' Soccer', ' Sim']",2016,Konami Digital Entertainment,0.1
15,Destiny 2,87,22,4.4,589.0,T,"['Action', ' Shooter', ' First-Person', ' Arcade']",2017,Activision,2.35
16,Dirt Rally,86,17,7.9,83.0,E,"['Racing', ' Simulation', ' Automobile']",2016,Codemasters,0.21
17,Cuphead,86,72,8.3,801.0,E10+,"['Action', ' Platformer', ' 2D']",2017,,0.0
18,Shovel Knight,86,10,7.6,64.0,E,"['Action', ' Platformer', ' 2D']",2015,Yacht Club Games,0.0
19,Nba 2K14,86,15,5.7,184.0,E,"['Sim', ' Sports', ' Traditional', ' Team', ' Basketball', ' Sim']",2013,2K Sports,0.94
20,Titanfall,86,68,6.7,2485.0,M,"['Shooter', ' Sci-Fi', ' Miscellaneous', ' General', ' Action', ' Shooter', ' First-Person', ' Sci-Fi', ' Arcade']",2014,Electronic Arts,3.11
21,Rise Of The Tomb Raider,86,102,8.0,1427.0,M,"['Fantasy', ' Action Adventure', ' General', ' Linear']",2015,Square Enix,1.58
22,Dirt 4,86,21,6.7,61.0,T,"['Racing', ' Simulation', ' Automobile']",2017,Codemasters,0.23
23,Forza Motorsport 7,86,79,6.2,833.0,E,"['Racing', ' Simulation', ' Automobile']",2017,Microsoft Studios,1.52
24,Batman: Arkham Knight,85,16,6.9,816.0,M,"['General', ' Fantasy', ' Action Adventure', ' Open-World']",2015,Warner Bros. Interactive Entertainment,1.58
25,Assassin'S Creed Origins,85,42,7.5,634.0,M,"['Action Adventure', ' Open-World']",2017,Ubisoft,2.47
26,Axiom Verge,85,4,7.7,9.0,E10+,"['Action Adventure', ' General']",2016,,0.0
27,Pro Evolution Soccer 2016,85,14,6.0,151.0,E,"['Sports', ' Team', ' Soccer', ' Sim']",2015,Konami Digital Entertainment,0.12
28,Limbo,85,5,8.0,80.0,T,"['Action', ' Platformer', ' 2D']",2014,,0.0
29,Playerunknown'S Battlegrounds,85,9,5.0,140.0,T,"['Action', ' Shooter', ' First-Person', ' Tactical']",2018,Microsoft Studios,2.17
30,Life Is Strange,85,4,8.5,249.0,M,"['Sci-Fi', ' Action Adventure', ' General']",2015,Square Enix,0.12
31,Shadow Tactics: Blades Of The Shogun,85,6,7.7,23.0,M,"['Strategy', ' Real-Time', ' Tactics']",2017,Kalypso Media,0.01
32,Nba 2K18,85,16,1.5,173.0,E10+,"['Sports', ' Team', ' Basketball', ' Sim']",2017,2K Sports,2.02
33,Project Cars 2,84,22,5.7,68.0,E,"['Racing', ' Simulation', ' Automobile']",2017,Namco Bandai Games,0.2
34,Rare Replay,84,75,8.0,353.0,M,"['Miscellaneous', ' Compilation']",2015,Microsoft Studios,0.78
35,Gears Of War 4,84,99,7.0,1322.0,M,"['Action', ' Sci-Fi', ' Third-Person', ' Shooter', ' Arcade']",2016,Microsoft Studios,3.38
36,Halo 5: Guardians,84,101,6.4,2950.0,T,"['Shooter', ' Sci-Fi', ' Sci-Fi', ' Action', ' Shooter', ' First-Person', ' Arcade']",2015,Microsoft Studios,4.92
37,Terraria,84,5,7.8,39.0,T,"['Action', ' Action Adventure', ' Platformer', ' Sandbox', ' 2D']",2014,505 Games,0.04
38,F1 2017,84,17,7.3,33.0,E,"['Racing', ' Simulation', ' Automobile']",2017,Koch Media,0.19
39,Battle Chasers: Nightwar,84,8,6.8,44.0,T,"['Role-Playing', ' Action RPG', ' Japanese-Style']",2017,THQ Nordic,0.04
40,The Banner Saga 2,84,8,7.6,26.0,T,"['Strategy', ' Turn-Based', ' Tactics']",2016,,0.0
41,Dishonored: Death Of The Outsider,84,16,6.3,51.0,M,"['Action Adventure', ' General']",2017,Bethesda Softworks,0.14
42,Fifa 16,84,45,4.4,477.0,E,"['Sports', ' Team', ' Soccer', ' Sim']",2015,EA Sports,3.25
43,Rogue Legacy,84,6,7.3,14.0,E10+,"['Action', ' Platformer', ' 2D']",2015,,0.0
44,Final Fantasy Xv,83,13,7.7,682.0,T,"['Action RPG', ' Role-Playing', ' Action RPG']",2016,Square Enix,1.14
45,Fifa 18,83,21,3.1,204.0,E,"['Sports', ' Team', ' Soccer', ' Sim']",2017,EA Sports,3.14
46,Sonic Mania,83,17,7.4,178.0,E,"['Action', ' Platformer', ' 2D']",2017,Sega,0.13
47,Madden Nfl 17,83,30,5.3,58.0,E,"['Sports', ' Team', ' Football', ' Sim']",2016,EA Sports,2.44
48,Thehunter: Call Of The Wild,83,5,7.5,16.0,T,"['Sports', ' Individual', ' Nature', ' Hunting']",2017,Astragon,0.21
49,Deus Ex: Mankind Divided,83,18,7.5,239.0,M,"['Action Adventure', ' General']",2016,Square Enix,0.39
50,Abzu,83,6,7.2,31.0,E,"['Adventure', ' 3D', ' Third-Person']",2016,505 Games,0.02
51,Superhot,83,18,7.9,89.0,T,"['Modern', ' Action', ' Shooter', ' First-Person', ' Tactical']",2016,,0.0
52,Don Bradman Cricket 17,83,4,7.5,21.0,E,"['Sports', ' Team', ' Cricket']",2016,Tru Blu Entertainment,0.0
53,Gears Of War: Ultimate Edition,82,74,7.6,673.0,M,"['Action', ' Shooter', ' Third-Person', ' Arcade']",2015,Microsoft Studios,3.62
54,The Sexy Brutale,82,13,7.1,13.0,T,"['Adventure', ' General']",2017,,0.0
55,Child Of Light,82,32,7.7,270.0,E10+,"['Action', ' General', ' General', ' Role-Playing', ' General']",2014,,0.0
56,Geometry Wars 3: Dimensions,82,27,7.7,40.0,E,"['Action', ' Shooter', ' Static', "" Shoot-'Em-Up"", ' Top-Down']",2014,,0.0
57,Rime,82,18,7.4,73.0,E10+,"['Action', ' Adventure', ' General', ' 3D', ' Third-Person']",2017,Grey Box,0.03
58,Lovers In A Dangerous Spacetime,82,27,7.2,31.0,E10+,"['Platformer', ' 2D', ' Action', ' Shooter', "" Shoot-'Em-Up"", ' Horizontal']",2015,,0.0
59,Far Cry 5,82,32,6.7,382.0,M,"['Action', ' Shooter', ' First-Person', ' Arcade']",2018,Ubisoft,1.78
60,Pro Evolution Soccer 2018,82,11,6.3,45.0,E,"['Sports', ' Team', ' Soccer', ' Sim']",2017,Konami Digital Entertainment,0.12
61,Nba 2K15,82,9,6.2,101.0,E,"['Sports', ' Traditional', ' Team', ' Basketball', ' Sim']",2014,2K Sports,1.74
62,Madden Nfl 18,82,22,4.3,55.0,E,"['Sports', ' Team', ' Football', ' Sim']",2017,EA Sports,1.91
63,Tekken 7,81,16,6.4,123.0,T,"['Action', ' Fighting', ' 3D']",2017,Namco Bandai Games,0.58
64,Brothers: A Tale Of Two Sons,81,6,8.2,63.0,T,"['Action Adventure', ' Linear']",2015,505 Games,0.05
65,Battlefield 4,81,5,6.7,528.0,M,"['Action', ' Shooter', ' Shooter', ' First-Person', ' Modern', ' Modern', ' Arcade']",2013,Electronic Arts,2.09
66,Call Of Duty: Advanced Warfare,81,53,5.5,921.0,M,"['Action', ' Shooter', ' First-Person', ' Modern', ' Arcade']",2014,Activision,5.22
67,Guitar Hero Live,81,21,5.1,76.0,T,"['Action', ' Rhythm', ' Music']",2015,Activision,0.83
68,Sunset Overdrive,81,89,7.8,1357.0,M,"['General', ' Action', ' General', ' Shooter', ' Third-Person', ' Arcade']",2014,Microsoft Studios,1.16
69,Watch Dogs 2,81,11,7.4,256.0,M,"['Action Adventure', ' Open-World']",2016,Ubisoft,1.35
70,Middle-Earth: Shadow Of War,81,38,4.0,348.0,M,"['Action Adventure', ' Open-World']",2017,Warner Bros. Interactive Entertainment,1.15
71,Project Cars,81,16,5.8,151.0,E,"['Driving', ' Racing', ' Simulation', ' General', ' Automobile']",2015,Bandai Namco Games,0.41
72,Valiant Hearts: The Great War,81,16,8.1,195.0,T,"['Platformer', ' 2D', ' Action', ' Platformer', ' 2D']",2014,,0.0
73,Sniper Elite 4,81,18,7.3,69.0,M,"['Action', ' Shooter', ' First-Person', ' Tactical']",2017,Rebellion Developments,0.3
74,Shantae: Half-Genie Hero,80,6,7.8,30.0,T,"['Action', ' Platformer', ' Platformer', ' 2D', ' 2D']",2016,,0.0
75,Lego Dimensions,80,12,6.9,30.0,E10+,"['Action Adventure', ' General']",2015,Warner Bros. Interactive Entertainment,0.72
76,Super Time Force,80,36,6.5,117.0,T,"['Action', ' Platformer', ' Shooter', ' 2D', ' Scrolling', "" Shoot-'Em-Up"", ' Vertical']",2014,,0.0
77,Trials Fusion,80,28,7.1,167.0,E10+,"['Driving', ' Racing', ' Arcade', ' Motorcycle', ' Automobile', ' Street', ' Street']",2014,Ubisoft,0.25
78,Naruto Shippuden: Ultimate Ninja Storm 4,80,12,8.2,80.0,T,"['Action', ' Fighting', ' 3D']",2016,Namco Bandai Games,0.35
79,Borderlands: The Handsome Collection,80,11,7.9,152.0,M,"['Miscellaneous', ' Compilation']",2015,2K Games,0.68
80,Nhl 16,80,18,6.1,84.0,E10+,"['Sports', ' Team', ' Ice Hockey', ' Sim']",2015,EA Sports,0.51
81,Tom Clancy'S The Division,80,33,6.9,688.0,M,"['Shooter', ' Modern', ' Modern', ' Action', ' Shooter', ' Third-Person', ' Tactical', ' Arcade']",2016,Ubisoft,2.59
82,Madden Nfl 15,80,19,6.2,138.0,E,"['Sports', ' Traditional', ' Team', ' Football', ' Sim']",2014,EA Sports,1.6
83,Elite: Dangerous,80,30,7.1,111.0,T,"['Simulation', ' Space', ' Civilian']",2015,Frontier Developments,0.08
84,Call Of Duty: Wwii,80,21,4.2,399.0,M,"['Action', ' Shooter', ' First-Person', ' Arcade']",2017,Activision,6.23
85,Forza Motorsport 5,79,76,6.0,1126.0,E,"['GT / Street', ' Driving', ' Racing', ' Simulation', ' GT / Street', ' Automobile']",2013,Microsoft Studios,2.4
86,A Way Out,79,26,7.6,151.0,M,"['Action Adventure', ' General']",2018,Electronic Arts,0.24
87,The Evil Within,79,24,7.4,509.0,M,"['Horror', ' Action Adventure', ' Horror', ' Survival']",2014,Bethesda Softworks,0.69
88,For Honor,79,26,5.9,280.0,M,"['Action Adventure', ' General']",2017,Ubisoft,0.87
89,Ace Combat 7: Skies Unknown,79,17,7.8,87.0,T,"['Simulation', ' Flight', ' Combat']",2019,Bandai Namco Games,0.0
90,Killing Floor 2,79,9,6.8,9.0,M,"['Action', ' Shooter', ' First-Person', ' Arcade']",2017,Tripwire Interactive,0.06
91,Wolfenstein: The New Order,79,18,7.8,468.0,M,"['General', ' Shooter', ' Historic', ' Action', ' Shooter', ' First-Person', ' Historic', ' Arcade']",2014,Bethesda Softworks,0.75
92,Halo Wars 2,79,79,6.1,492.0,T,"['Strategy', ' Real-Time', ' General']",2017,Microsoft Studios,0.51
93,Pro Evolution Soccer 2015,79,9,6.7,71.0,E,"['Action', ' General', ' Sports', ' Traditional', ' Team', ' Soccer', ' Sim']",2014,Konami Digital Entertainment,0.15
94,World To The West,79,10,,,E10+,"['Action Adventure', ' Linear']",2017,Soedesco,0.0
95,The Book Of Unwritten Tales 2,79,7,7.2,9.0,T,"['Adventure', ' General', ' Point-and-Click']",2015,Nordic Games,0.0
96,Alien: Isolation,78,24,8.0,381.0,M,"['Action Adventure', ' Sci-Fi', ' General', ' Survival']",2014,Sega,0.52
97,Skylanders Imaginators,78,14,5.2,17.0,E10+,"['Action', ' Platformer', ' 3D']",2016,Activision,0.27
98,Watch Dogs,78,15,5.9,771.0,M,"['Action Adventure', ' Modern', ' General', ' Modern', ' Open-World']",2014,Ubisoft,1.64
99,Call Of Duty: Ghosts,78,7,4.3,716.0,M,"['Action', ' Shooter', ' Shooter', ' First-Person', ' Modern', ' Modern', ' Arcade']",2013,Activision,3.07
100,Assassin'S Creed Syndicate,78,22,6.3,504.0,M,"['Historic', ' Action Adventure', ' Open-World']",2015,Ubisoft,1.44
101,Dead Rising 3,78,69,6.9,953.0,M,"['General', ' Action', ' Action Adventure', ' General', ' Open-World']",2013,Microsoft Studios,1.63
102,Call Of Duty: Infinite Warfare,78,18,3.7,415.0,M,"['Action', ' Shooter', ' First-Person', ' Tactical']",2016,Activision,4.79
103,Aven Colony,77,12,7.7,7.0,E10+,"['Strategy', ' Management', ' Government']",2017,Sold Out,0.06
104,Lego City Undercover,77,16,6.7,22.0,E10+,"['Action Adventure', ' Open-World']",2017,Warner Bros. Interactive Entertainment,0.3
105,Ea Sports Ufc 3,77,17,5.3,54.0,T,"['Sports', ' Individual', ' Combat', ' Boxing / Martial Arts']",2018,EA Sports,0.44
106,The Escapists 2,77,10,6.5,6.0,T,"['Action', ' General']",2017,Sold Out,0.15
107,#Idarb,77,31,6.9,85.0,E,"['Action', ' General']",2015,,0.0
108,Nhl 17,77,23,4.1,58.0,E10+,"['Sports', ' Team', ' Ice Hockey', ' Sim']",2016,EA Sports,0.6
109,Batman: Return To Arkham,77,6,8.2,82.0,T,"['Miscellaneous', ' Compilation']",2016,Warner Bros. Interactive Entertainment,0.2
110,Marvel Vs. Capcom: Infinite,77,16,5.2,59.0,T,"['Action', ' Fighting', ' 2D']",2017,Capcom,0.34
111,L.A. Noire,77,12,7.6,59.0,M,"['Action Adventure', ' Adventure', ' 3D', ' Open-World', ' Third-Person']",2017,Rockstar Games,0.25
112,Ziggurat,77,6,7.9,16.0,T,"['Action', ' Shooter', ' First-Person', ' Arcade']",2015,Soedesco,0.01
113,Portal Knights,77,7,6.7,12.0,E10+,"['Action', ' Role-Playing', ' General', ' Action RPG']",2017,505 Games,0.02
114,Nhl 18,77,16,4.0,46.0,E10+,"['Sports', ' Team', ' Ice Hockey', ' Sim']",2017,EA Sports,0.39
115,Broken Sword 5: The Serpent'S Curse,77,12,7.0,14.0,T,"['Adventure', ' General']",2015,Revolution Software,0.02
116,Peggle 2,77,39,7.1,216.0,E,"['Miscellaneous', ' Puzzle', ' Action', ' General', ' General']",2013,,0.0
117,The Banner Saga,76,9,7.9,33.0,T,"['Role-Playing', ' General', ' Strategy', ' Turn-Based', ' Tactics']",2016,,0.0
118,The Elder Scrolls Online: Morrowind,76,7,5.8,27.0,M,"['Role-Playing', ' Massively Multiplayer']",2017,Bethesda Softworks,0.14
119,Trackmania Turbo,76,12,7.3,36.0,E,"['Racing', ' Arcade', ' Automobile']",2016,Ubisoft,0.1
120,Hyper Light Drifter,76,8,6.8,22.0,T,"['Role-Playing', ' Action RPG']",2016,,0.0
121,Ea Sports Ufc 2,76,42,5.6,90.0,T,"['Sports', ' General', ' Individual', ' Combat', ' Boxing / Martial Arts']",2016,EA Sports,0.61
122,Redout,76,10,7.9,27.0,E,"['Racing', ' General', ' Arcade', ' Futuristic']",2017,505 Games,0.02
123,Unravel,75,23,8.0,132.0,E,"['Action', ' Platformer', ' 2D']",2016,,0.0
124,Code Vein,75,14,7.6,95.0,M,"['Role-Playing', ' Action RPG']",2019,Bandai Namco Entertainment,0.0
125,Wolfenstein: The Old Blood,75,23,7.9,129.0,M,"['Action', ' Shooter', ' First-Person', ' Arcade']",2015,Bethesda Softworks,0.15
126,Destiny,75,11,5.5,1760.0,T,"['Shooter', ' Sci-Fi', ' Action', ' Shooter', ' First-Person', ' Sci-Fi', ' Arcade']",2014,Activision,3.41
127,Resident Evil: Revelations 2,75,22,7.8,151.0,M,"['Horror', ' Action Adventure', ' Survival']",2015,Capcom,0.14
128,Evolve,74,31,5.1,347.0,M,"['Action', ' Shooter', ' First-Person', ' Sci-Fi', ' Arcade']",2015,2K Games,0.67
129,Gigantic,74,12,7.5,30.0,T,"['Strategy', ' Real-Time', ' MOBA']",2017,,0.0
130,Lego Marvel Super Heroes 2,74,18,7.6,16.0,E10+,"['Action', ' Platformer', ' 3D']",2017,Warner Bros. Interactive Entertainment,0.57
131,Tachyon Project,74,11,6.9,8.0,E,"['Action', ' Shooter', "" Shoot-'Em-Up"", ' Top-Down']",2015,,0.0
132,Dying Light,74,26,7.8,435.0,M,"['Horror', ' Action Adventure', ' Horror', ' Survival']",2015,Warner Bros. Interactive Entertainment,1.47
133,Lego Batman 3: Beyond Gotham,74,25,6.9,44.0,E10+,"['Action Adventure', ' General', ' Modern']",2014,Warner Bros. Interactive Entertainment,0.44
134,Just Dance 2017,73,7,6.6,11.0,E10+,"['Action', ' Rhythm', ' Dancing']",2016,Ubisoft,0.34
135,Motogp 17,73,5,6.6,5.0,E,"['Racing', ' Arcade', ' Automobile']",2017,Koch Media,0.06
136,Get Even,73,14,7.7,35.0,M,"['Modern', ' Action', ' Shooter', ' First-Person', ' Arcade']",2017,Unknown,0.0
137,Yooka-Laylee,73,39,5.5,122.0,E10+,"['Action', ' Platformer', ' 3D']",2017,Sold Out,0.1
138,Agents Of Mayhem,73,18,6.5,52.0,M,"['Action Adventure', ' Open-World']",2017,Deep Silver,0.11
139,Lara Croft And The Temple Of Osiris,72,31,5.9,53.0,T,"['Action', ' Action Adventure', ' Platformer', ' Linear', ' 2D']",2014,Square Enix,0.0
140,Dungeons 3,72,4,7.4,5.0,T,"['Strategy', ' General']",2017,Kalypso Media,0.02
141,Spintires: Mudrunner,72,10,7.3,16.0,E,"['Simulation', ' Vehicle', ' Civilian']",2017,Focus Home Interactive,0.15
142,Nba Live 18,72,16,5.3,47.0,E,"['Sports', ' Team', ' Basketball', ' Sim']",2017,EA Sports,0.21
143,Wwe 2K16,72,18,5.3,88.0,T,"['Action', ' Sports', ' General', ' Individual', ' Combat', ' Wrestling']",2015,Take-Two Interactive,0.63
144,Max: The Curse Of Brotherhood,72,51,7.4,294.0,E10+,"['Fantasy', ' Action Adventure', ' General', ' Fantasy']",2013,,0.0
145,Mega Man Legacy Collection 2,72,4,9.7,35.0,E10+,"['Miscellaneous', ' Compilation']",2017,Capcom,0.02
146,Steep,72,18,6.5,64.0,T,"['Sports', ' Individual', ' Ski / Snowboard']",2016,Ubisoft,0.48
147,De Blob,72,5,,,E,"['Action', ' Platformer', ' 3D']",2017,THQ Nordic,0.0
148,Sherlock Holmes: Crimes & Punishments,71,8,6.7,78.0,M,"['Adventure', ' General']",2014,Focus Home Interactive,0.08
149,Lego Marvel'S Avengers,71,18,5.8,24.0,E10+,"['Action Adventure', ' General']",2016,Warner Bros. Interactive Entertainment,0.48
150,Just Cause 3,71,24,6.8,244.0,M,"['Sci-Fi', ' Action Adventure', ' Open-World']",2015,Square Enix,1.01
151,Pharaonic,71,4,7.6,7.0,T,"['Role-Playing', ' Action RPG']",2016,Soedesco,0.02
152,Just Dance 2014,71,6,7.0,58.0,E10+,"['Dancing', ' Action', ' Miscellaneous', ' Rhythm', ' Dancing']",2013,Ubisoft,0.48
153,Lords Of The Fallen,71,13,6.6,176.0,M,"['Role-Playing', ' Action RPG', ' Action RPG']",2014,Square Enix,0.22
154,This Is The Police,71,9,,,M,"['Simulation', ' Virtual', ' Virtual Life', ' Career']",2017,THQ Nordic,0.01
155,Xbox Fitness,71,4,5.9,82.0,E,"['Miscellaneous', ' Exercise / Fitness']",2013,,0.0
156,Oceanhorn: Monster Of Uncharted Seas,71,11,7.5,26.0,E10+,"['Action Adventure', ' Open-World']",2016,,0.0
157,Knight Squad,71,9,6.8,24.0,T,"['Action', ' General']",2015,,0.0
158,Screamride,71,63,4.8,226.0,E10+,"['Simulation', ' General']",2015,Microsoft Studios,0.01
159,Blood Bowl 2,70,9,7.5,11.0,T,"['Sports', ' General', ' Team', ' Football', ' Arcade']",2015,Focus Home Interactive,0.0
160,Wrc 7,70,11,7.1,10.0,E,"['Racing', ' Simulation', ' Automobile']",2017,Bigben Interactive,0.05
161,Just Dance 2015,70,17,7.4,21.0,E10+,"['Action', ' Miscellaneous', ' Rhythm', ' Dancing']",2014,Ubisoft,0.54
162,Stranger Of Sword City,70,12,7.3,21.0,T,"['Role-Playing', ' General']",2016,Experience Inc.,0.0
163,Ea Sports Ufc,70,23,6.2,162.0,T,"['General', ' Sports', ' General', ' Individual', ' Combat', ' Boxing / Martial Arts']",2014,Electronic Arts,0.48
164,Tembo The Badass Elephant,70,13,7.0,28.0,E10+,"['Action Adventure', ' General']",2015,,0.0
165,Duke Nukem 3D: 20Th Anniversary World Tour,70,4,6.7,6.0,M,"['Action', ' Shooter', ' First-Person', ' Arcade']",2016,Gearbox Software,0.09
166,Fe,70,29,7.1,28.0,E,"['Action', ' General']",2018,,0.0
167,Ark: Survival Evolved,69,6,5.0,42.0,T,"['Action Adventure', ' Survival', ' Sandbox']",2017,Studio Wildcard,0.46
168,Fruit Ninja Kinect 2,69,11,7.1,11.0,E,"['General', ' Action', ' Arcade']",2015,,0.0
169,Lego The Hobbit,69,20,6.9,39.0,E10+,"['Historic', ' Action Adventure', ' General', ' Fantasy']",2014,Warner Bros. Interactive Entertainment,0.27
170,Sea Of Thieves,69,71,5.0,1890.0,T,"['Role-Playing', ' Massively Multiplayer']",2018,Microsoft Studios,0.96
171,The Crew 2,69,37,5.0,73.0,T,"['Racing', ' Simulation', ' Automobile']",2018,Ubisoft,0.33
172,Lego Worlds,69,20,6.6,34.0,E10+,"['Action Adventure', ' Sandbox']",2017,Warner Bros. Interactive Entertainment,0.69
173,Darksiders Iii,69,19,7.1,124.0,M,"['Action Adventure', ' Open-World']",2018,THQ Nordic,0.12
174,Monster Energy Supercross - The Official Videogame,69,8,7.6,13.0,E,"['Racing', ' Arcade', ' Automobile']",2018,Milestone S.r.l.,0.08
175,Wwe 2K17,68,12,4.8,44.0,T,"['Sports', ' Individual', ' Combat', ' Wrestling']",2016,2K Games,0.57
176,The Technomancer,68,12,7.1,68.0,M,"['Role-Playing', ' General', ' Western-Style']",2016,Focus Home Interactive,0.05
177,Kung Fu Panda: Showdown Of Legendary Legends,68,4,4.9,14.0,E10+,"['Action', ' Action Adventure', ' General', ' Fighting', ' 2D']",2015,Little Orbit,0.0
178,Baja: Edge Of Control Hd,67,6,,,E,"['Racing', ' Simulation', ' Automobile']",2017,THQ Nordic,0.05
179,Assassin'S Creed Chronicles: China,67,31,5.8,110.0,T,"['Historic', ' Action Adventure', ' General', ' Linear']",2015,Ubisoft,0.0
180,Marvel'S Guardians Of The Galaxy: The Telltale Series,67,4,7.1,12.0,T,"['Action', ' Adventure', ' General', ' 3D', ' Third-Person']",2017,Warner Bros. Interactive Entertainment,0.05
181,Disneyland Adventures,67,9,5.7,20.0,E10+,"['Action Adventure', ' General']",2017,Microsoft Studios,0.07
182,Dragon Ball: Xenoverse,67,18,7.1,138.0,T,"['Action', ' Fighting', ' 3D']",2015,Namco Bandai Games,0.35
183,Monochroma,66,11,,,T,"['Action', ' Platformer', ' 2D']",2016,Unknown,0.0
184,A Boy And His Blob,66,4,,,E,"['Action', ' Platformer', ' 2D']",2016,,0.0
185,Neverwinter,66,14,5.0,161.0,T,"['Role-Playing', ' Massively Multiplayer Online', ' Massively Multiplayer', ' Fantasy']",2015,,0.0
186,Cobalt,66,13,7.3,19.0,E10+,"['Action', ' Platformer', ' Platformer', ' 2D', ' 2D']",2016,,0.0
187,Flatout 4: Total Insanity,66,15,5.9,20.0,T,"['Racing', ' Arcade', ' Automobile']",2017,Bigben Interactive,0.01
188,Never Alone,66,14,6.7,39.0,E10+,"['Action', ' Platformer', ' 2D']",2014,,0.0
189,Just Dance 2016,66,10,6.1,18.0,E10+,"['Action', ' Rhythm', ' Dancing']",2015,Ubisoft,0.38
190,Sherlock Holmes: The Devil'S Daughter,66,12,7.2,45.0,T,"['Adventure', ' General']",2016,Bigben Interactive,0.06
191,Agatha Christie'S The Abc Murders,66,7,6.6,10.0,T,"['Adventure', ' 3D', ' Third-Person']",2016,Microids,0.05
192,Ride 2,66,7,7.4,13.0,E,"['Racing', ' Simulation', ' Automobile']",2017,Milestone S.r.l,0.08
193,Saints Row: Gat Out Of Hell,65,16,6.3,34.0,M,"['Action Adventure', ' General', ' Modern', ' Open-World']",2015,Deep Silver,0.02
194,Anthem,65,24,3.9,669.0,T,"['Role-Playing', ' Action RPG']",2019,Electronic Arts,0.0
195,Battle Worlds: Kronos,65,4,5.3,4.0,E10+,"['Strategy', ' Turn-Based', ' General']",2016,Nordic Games,0.01
196,Powerstar Golf,65,27,5.6,133.0,E,"['Arcade', ' Sports', ' Traditional', ' Individual', ' Golf', ' Arcade']",2013,,0.0
197,The Crew: Wild Run,65,5,6.3,22.0,T,"['Racing', ' Simulation', ' Automobile']",2015,Ubisoft,0.02
198,The Escapists: The Walking Dead,65,19,7.3,6.0,T,"['Action', ' General']",2015,Team17 Software,0.0
199,F1 2015,64,13,6.2,26.0,E,"['Racing', ' Simulation', ' Automobile']",2015,Codemasters,0.25
200,The Golf Club,64,15,5.3,63.0,E,"['Traditional', ' Sports', ' Individual', ' Golf', ' Sim']",2014,Ravenscourt,0.07
201,Assassin'S Creed Chronicles: India,64,20,5.1,44.0,T,"['Action Adventure', ' Linear']",2016,,0.0
202,Kaiju Panic,64,4,,,E10+,"['Strategy', ' Real-Time', ' Command']",2015,,0.0
203,We Happy Few,64,17,5.5,72.0,M,"['Action Adventure', ' General']",2018,Gearbox Software,0.09
204,The Crew,64,18,5.8,190.0,T,"['GT / Street', ' Driving', ' Racing', ' Simulation', ' GT / Street', ' Automobile']",2014,Ubisoft,0.71
205,Resident Evil 6,63,12,6.9,96.0,M,"['Action Adventure', ' Survival']",2016,Capcom,0.07
206,Recore,63,75,6.7,582.0,T,"['Action Adventure', ' General']",2016,Microsoft Studios,0.26
207,Moons Of Madness,63,7,,,M,"['Action Adventure', ' Survival']",2020,Unknown,0.0
208,Assetto Corsa,63,10,6.5,33.0,E,"['Racing', ' Simulation', ' Automobile']",2016,505 Games,0.02
209,Shiftlings,63,10,5.8,4.0,T,"['Action', ' Platformer', ' 2D']",2015,,0.0
210,Sonic Forces,62,12,7.1,205.0,E10+,"['Action Adventure', ' General']",2017,Sega,0.29
211,Assassin'S Creed Chronicles: Russia,62,24,4.5,36.0,T,"['Action Adventure', ' Linear']",2016,,0.0
212,Inside My Radio,62,5,,,E10+,"['Action', ' Platformer', ' 2D']",2015,,0.0
213,Elex,62,8,6.4,523.0,M,"['Role-Playing', ' Western-Style']",2017,THQ Nordic,0.04
214,Kinect Sports Rivals,60,53,5.0,146.0,E10+,"['General', ' Sports', ' General']",2014,Microsoft Studios,0.62
215,Rory Mcilroy Pga Tour,60,26,4.2,75.0,E,"['Traditional', ' Sports', ' Individual', ' Golf', ' Sim']",2015,Electronic Arts,0.28
216,The Peanuts Movie: Snoopy'S Grand Adventure,60,9,5.0,4.0,E,"['Action', ' Platformer', ' 2D']",2015,Activision,0.0
217,The Town Of Light,60,13,6.6,17.0,M,"['Adventure', ' 3D', ' First-Person']",2017,THQ Nordic,0.01
218,Nba Live 16,60,17,5.6,70.0,E,"['Sports', ' Team', ' Basketball', ' Sim']",2015,EA Sports,0.13
219,Gunscape,60,4,,,T,"['Action', ' Shooter', ' First-Person', ' Sci-Fi', ' Arcade']",2016,,0.0
220,Beyond Eyes,60,24,5.6,28.0,E,"['Action Adventure', ' General']",2015,,0.0
221,Crackdown 3,60,82,4.2,938.0,M,"['Action', ' Sci-Fi', ' Third-Person', ' Shooter', ' Action Adventure', ' Open-World']",2019,Microsoft Studios,0.0
222,Naruto To Boruto: Shinobi Striker,60,7,5.7,15.0,T,"['Action', ' Fighting', ' 3D']",2018,Bandai Namco Games,0.19
223,Cars 3: Driven To Win,59,9,7.0,5.0,E10+,"['Racing', ' Arcade', ' Automobile']",2017,Warner Bros. Interactive Entertainment,0.05
224,Tetris Ultimate,59,8,4.2,13.0,E,"['Miscellaneous', ' Puzzle', ' Stacking']",2014,Ubisoft,0.0
225,Nhl 15,59,22,3.2,181.0,E10+,"['Sports', ' Traditional', ' Team', ' Ice Hockey', ' Sim']",2014,EA Sports,0.42
226,Slender: The Arrival,59,6,6.9,19.0,T,"['Adventure', ' 3D', ' First-Person']",2015,Unknown,0.0
227,Moto Racer 4,59,6,4.4,5.0,E,"['Racing', ' Arcade', ' Other']",2017,PQube,0.02
228,Dead By Daylight,58,10,6.0,53.0,M,"['Action Adventure', ' Survival']",2017,505 Games,0.12
229,Shape Up,58,6,7.6,33.0,E,"['Miscellaneous', ' Exercise / Fitness']",2014,Ubisoft,0.18
230,The Dwarves,58,13,3.9,21.0,M,"['Role-Playing', ' General']",2016,THQ Nordic,0.02
231,Black Mirror,57,10,2.9,9.0,M,"['Adventure', ' 3D', ' Third-Person']",2017,THQ Nordic,0.03
232,Sniper: Ghost Warrior 3,57,12,6.4,102.0,M,"['Action', ' Shooter', ' First-Person', ' Tactical', ' Modern']",2017,City Interactive,0.18
233,Wwe 2K15,56,25,5.3,68.0,T,"['Action', ' Sports', ' Fighting', ' Individual', ' Combat', ' Wrestling']",2014,2K Sports,0.61
234,Crimson Dragon,55,39,6.5,257.0,T,"['Shooter', ' Rail', ' Action', ' Shooter', ' Rail']",2013,,0.0
235,Teenage Mutant Ninja Turtles: Mutants In Manhattan,55,14,5.9,42.0,T,"['Action', "" Beat-'Em-Up"", ' 3D']",2016,Activision,0.07
236,Forced,54,4,,,T,"['Role-Playing', ' Action RPG']",2015,,0.0
237,Ride,54,9,5.0,18.0,E,"['Racing', ' Simulation', ' General', ' Automobile']",2015,Milestone S.r.l.,0.11
238,Goat Simulator,53,15,6.3,72.0,T,"['Simulation', ' General']",2015,Koch Media,0.01
239,Friday The 13Th: The Game,53,9,5.7,71.0,M,"['Action Adventure', ' Survival']",2017,Gun Media,0.27
240,Halo: Spartan Assault,53,28,4.5,267.0,T,"['Action', ' General', ' Shooter', ' Scrolling', "" Shoot-'Em-Up"", ' Top-Down', ' Vertical']",2013,,0.0
241,Extinction,52,18,1.7,27.0,M,"['Action Adventure', ' General']",2018,Maximum Games,0.05
242,Carmageddon: Max Damage,52,15,7.2,23.0,M,"['Racing', ' Arcade', ' Automobile']",2016,Stainless Games,0.03
243,No Time To Explain,52,9,5.3,9.0,T,"['Action', ' Platformer', ' 2D']",2015,,0.0
244,Murdered: Soul Suspect,51,17,7.1,155.0,M,"['Action', ' Action Adventure', ' General', ' Horror', ' Survival']",2014,Square Enix,0.17
245,Aerea,50,7,4.0,4.0,E10+,"['Role-Playing', ' Action RPG']",2017,Soedesco,0.0
246,Homefront: The Revolution,49,12,4.4,136.0,M,"['Modern', ' Action', ' Shooter', ' First-Person', ' Arcade']",2016,Deep Silver,0.21
247,Lococycle,48,46,4.0,100.0,T,"['Driving', ' Racing', ' General', ' General', ' Arcade', ' Automobile']",2013,,0.0
248,Bladestorm: Nightmare,48,6,6.9,9.0,T,"['Action', "" Beat-'Em-Up"", ' 3D']",2015,Tecmo Koei,0.08
249,The Amazing Spider-Man 2,46,12,4.7,62.0,T,"['Action', ' Action Adventure', ' General', ' General', ' Open-World']",2014,Activision,0.0
250,Raid: World War Ii,46,7,5.6,8.0,M,"['Action Adventure', ' General']",2017,505 Games,0.03
251,R.B.I. Baseball 15,46,4,4.6,22.0,E,"['Sports', ' Team', ' Baseball', ' Arcade']",2015,MLB.com,0.0
252,Dead Alliance,43,7,3.4,5.0,M,"['Action', ' General', ' Shooter', ' First-Person', ' Tactical']",2017,Maximum Games,0.04
253,Funk Of Titans,43,22,4.3,39.0,T,"['Action', ' Platformer', ' 2D']",2015,,0.0
254,Hello Neighbor,42,13,4.4,67.0,E10+,"['Action', ' Adventure', ' General', ' 3D', ' First-Person']",2017,Gearbox Software,0.42
255,Tony Hawk'S Pro Skater 5,39,18,2.1,132.0,T,"['Sports', ' Individual', ' Skate / Skateboard']",2015,Activision,0.14
256,Overlord: Fellowship Of Evil,36,6,3.6,8.0,T,"['Role-Playing', ' Action RPG']",2015,,0.0
257,7 Days To Die,35,17,5.4,101.0,M,"['Action', ' Action Adventure', ' Shooter', ' Survival', ' Sandbox', ' First-Person', ' Arcade']",2016,Telltale Games,0.12
258,Troll And I,33,5,5.0,6.0,T,"['Action Adventure', ' General']",2017,Maximum Games,0.02
259,Alekhine'S Gun,33,6,2.5,28.0,M,"['Action Adventure', ' General']",2016,Maximum Games,0.0
260,Road Rage,33,6,3.3,7.0,M,"['Simulation', ' Vehicle', ' Combat']",2017,Maximum Games,0.04
261,Fighter Within,23,39,2.8,211.0,T,"['Sports', ' General', ' General']",2013,Ubisoft,0.17
262,Rugby 15,20,4,2.9,32.0,E,"['Alternative', ' Sports', ' Team', ' Rugby']",2015,Bigben Interactive,0.09
263,Monster Hunter: World,90,17,7.1,402.0,T,"['Role-Playing', ' Action RPG']",2018,Capcom,0.93
264,Battlefield 1,87,39,7.6,666.0,M,"['Action', ' General', ' Shooter', ' First-Person', ' Tactical']",2016,Electronic Arts,5.13
265,Forza Motorsport 6,87,85,7.8,854.0,E,"['Driving', ' GT / Street', ' Racing', ' Simulation', ' Automobile']",2015,Microsoft Studios,2.02
266,Xcom 2,87,17,7.6,91.0,T,"['Strategy', ' Turn-Based', ' General', ' Tactics']",2016,2K Games,0.19
267,Mortal Kombat X,86,21,7.5,341.0,M,"['Action', ' Fighting', ' 2D', ' 3D']",2015,Warner Bros. Interactive Entertainment,1.74
268,Pinball Fx 2,85,5,7.0,41.0,E10+,"['Action', ' Miscellaneous', ' Parlor', ' Pinball']",2014,,0.0
269,Halo: The Master Chief Collection,85,69,7.5,1479.0,M,"['Miscellaneous', ' Compilation', ' Action', ' Shooter', ' First-Person', ' Sci-Fi', ' Arcade']",2014,Microsoft Studios,3.44
270,Fortnite,85,5,3.5,228.0,T,"['Action', ' Shooter', ' Third-Person', ' Tactical']",2017,Gearbox Software,0.77
271,South Park: The Fractured But Whole,84,31,7.9,115.0,M,"['Role-Playing', ' General']",2017,Ubisoft,0.62
272,Fifa 17,84,51,5.1,271.0,E,"['Sports', ' Team', ' Soccer', ' Sim']",2016,Electronic Arts,3.71
273,Madden Nfl 16,84,23,6.0,127.0,E,"['Sports', ' Team', ' Football', ' Sim']",2015,EA Sports,2.47
274,Little Nightmares,83,22,7.8,56.0,T,"['Action Adventure', ' General', ' Linear']",2017,Namco Bandai Games,0.16
275,Metro Exodus,82,32,6.8,563.0,M,"['Action', ' Shooter', ' First-Person', ' Arcade']",2019,Deep Silver,0.0
276,Far Cry 4,82,15,7.6,448.0,M,"['Action', ' Shooter', ' First-Person', ' Modern', ' Arcade']",2014,Ubisoft,1.68
277,Bulletstorm: Full Clip Edition,82,13,7.2,29.0,M,"['Action', ' Shooter', ' First-Person', ' Arcade']",2017,Gearbox Software,0.08
278,Mega Man Legacy Collection,80,30,8.4,74.0,E,"['Miscellaneous', ' Compilation']",2015,Capcom,0.0
279,Rock Band 4,79,27,6.5,56.0,T,"['Action', ' Rhythm', ' Music']",2015,Harmonix Music Systems,0.75
280,Torment: Tides Of Numenera,79,12,6.9,39.0,M,"['General', ' Role-Playing', ' Western-Style']",2017,Techland,0.01
281,Resident Evil: Revelations,78,6,8.5,46.0,M,"['Action Adventure', ' Survival']",2017,Capcom,0.02
282,Quantum Break,77,106,7.1,1954.0,M,"['General', ' Action', ' General']",2016,Microsoft Studios,0.76
283,Wulverblade,77,12,7.4,9.0,M,"['Action', "" Beat-'Em-Up"", ' 2D']",2018,,0.0
284,Plants Vs Zombies: Garden Warfare,76,65,7.5,448.0,E10+,"['General', ' Action', ' General', ' Shooter', ' Third-Person', ' Tactical']",2014,Electronic Arts,0.71
285,Lego Star Wars: The Force Awakens,76,11,7.0,29.0,E10+,"['Action Adventure', ' General']",2016,Warner Bros. Interactive Entertainment,0.5
286,Mass Effect: Andromeda,76,35,5.0,1061.0,M,"['Role-Playing', ' Action RPG']",2017,Electronic Arts,0.78
287,Raiden V,75,13,7.8,10.0,E,"['Action', ' Shooter', "" Shoot-'Em-Up"", ' Vertical']",2016,Moss,0.0
288,Transformers: Devastation,75,25,7.5,66.0,T,"['Action', "" Beat-'Em-Up"", ' 3D']",2015,Activision,0.15
289,The Escapists,74,31,6.7,32.0,T,"['Action', ' General']",2015,,0.0
290,Attack On Titan 2,74,10,6.5,15.0,M,"['Action', ' General']",2018,Koei Tecmo,0.09
291,Chariot,73,14,7.5,60.0,E,"['Action', ' Platformer', ' 2D']",2014,,0.0
292,Pure Farming 2018,73,9,7.0,5.0,E,"['Simulation', ' Virtual', ' Career']",2018,Techland,0.03
293,Killer Instinct,73,51,6.3,641.0,T,"['Action', ' Fighting', ' Fighting', ' 3D', ' 2D', ' 3D']",2013,Microsoft Game Studios,0.0
294,Madden Nfl 25,73,18,5.8,113.0,E,"['Sports', ' Traditional', ' Team', ' Football', ' Arcade', ' Arcade', ' Sim']",2013,EA Sports,0.83
295,Sword Art Online: Fatal Bullet,72,8,7.3,32.0,T,"['Action', ' Shooter', ' Third-Person', ' Arcade']",2018,Namco Bandai Games,0.1
296,Battleborn,71,20,7.1,179.0,T,"['Sci-Fi', ' Action', ' Shooter', ' First-Person', ' Tactical', ' Arcade']",2016,2K Games,0.28
297,Worms Battlegrounds,70,12,6.2,39.0,E10+,"['Strategy', ' Turn-Based', ' Wargame', ' Artillery']",2014,,0.0
298,Below,70,30,5.4,63.0,T,"['General', ' Action', ' General']",2018,,0.0
299,Vampyr,70,16,6.7,131.0,M,"['Role-Playing', ' General', ' Action RPG']",2018,Focus Home Interactive,0.12
300,Lock'S Quest,69,5,,,E10+,"['Strategy', ' Real-Time', ' Defense']",2017,THQ Nordic,0.02
301,Kingdom Come: Deliverance,68,18,7.6,275.0,M,"['Historic', ' Role-Playing', ' Action Adventure', ' General', ' Action RPG']",2018,Deep Silver,0.22
302,Pure Pool,68,7,6.9,8.0,E,"['Alternative', ' Other', ' Sports', ' Miscellaneous', ' Parlor', ' Individual', ' Billiards']",2014,,0.0
303,Wwe 2K18,67,15,4.4,37.0,T,"['Sports', ' Individual', ' Combat', ' Wrestling']",2017,2K Sports,0.66
304,Shiness: The Lightning Kingdom,67,8,7.4,8.0,T,"['Role-Playing', ' Action RPG']",2017,,0.0
305,Mafia Iii,67,21,4.8,365.0,M,"['Action Adventure', ' Open-World']",2016,2K Games,1.11
306,Outcast: Second Contact,67,7,7.4,5.0,T,"['Action Adventure', ' Adventure', ' General', ' Open-World']",2017,Bigben Interactive,0.0
307,The Sims 4,66,19,3.1,54.0,T,"['Simulation', ' Virtual', ' Virtual Life']",2017,Electronic Arts,0.73
308,Farming Simulator 17,65,9,7.0,7.0,E,"['Simulation', ' Virtual', ' Career']",2016,Focus Home Interactive,0.33
309,Costume Quest 2,65,5,6.3,22.0,E10+,"['Role-Playing', ' Action RPG', ' Japanese-Style']",2014,,0.0
310,Vikings: Wolves Of Midgard,64,7,7.5,13.0,M,"['Role-Playing', ' Action RPG']",2017,Kalypso Media,0.02
311,Super Lucky'S Tale,64,51,7.0,169.0,E,"['2D', ' Action', ' Platformer', ' 3D']",2017,Microsoft Studios,0.22
312,Zombie Army Trilogy,62,10,6.9,48.0,M,"['Action', ' Shooter', ' Third-Person', ' Arcade']",2015,Rebellion Developments,0.12
313,Metal Gear Survive,62,14,1.9,195.0,M,"['Action Adventure', ' General']",2018,Konami Digital Entertainment,0.08
314,One Piece: Burning Blood,60,10,6.4,16.0,T,"['Action', ' Fighting', ' 3D']",2016,Namco Bandai Games,0.19
315,Nascar Heat 2,59,4,,,E,"['Racing', ' Simulation', ' Automobile']",2017,505 Games,0.12
316,Rugby 18,56,6,6.6,5.0,E,"['Sports', ' Team', ' Rugby']",2017,Koch Media,0.05
317,Mighty No. 9,55,13,4.1,105.0,E10+,"['Platformer', ' 2D', ' Action', ' Platformer', ' 2D']",2016,Deep Silver,0.05
318,Nba Live 15,53,9,6.8,52.0,E,"['Sports', ' Traditional', ' Team', ' Basketball', ' Arcade']",2014,Electronic Arts,0.22
319,Super Dungeon Bros,53,11,2.1,16.0,E10+,"['Action', ' General']",2016,Wired Productions,0.0
320,Blue Estate,51,4,7.4,19.0,M,"['Action', ' Shooter', ' Light Gun', ' Rail']",2015,Focus Home Interactive,0.0
321,De-Formers,49,7,,,E10+,"['Action', ' Arcade']",2017,,0.0
322,Grand Theft Auto V,97,14,7.8,1087.0,M,"['Action Adventure', ' Modern', ' Open-World']",2014,Rockstar Games,8.72
323,Forza Horizon 3,91,91,8.0,1052.0,E,"['Racing', ' Simulation', ' Automobile']",2016,Microsoft Studios,3.93
324,Destiny: The Taken King,89,11,5.2,415.0,T,"['Action', ' Shooter', ' First-Person', ' Arcade']",2015,Activision,1.27
325,Wolfenstein Ii: The New Colossus,88,21,6.4,390.0,M,"['Action', ' Shooter', ' First-Person', ' Arcade']",2017,Bethesda Softworks,0.7
326,Dark Souls Iii,87,14,8.6,649.0,M,"['Role-Playing', ' Action RPG']",2016,Namco Bandai Games,0.79
327,Rocket League,87,22,8.1,275.0,E,"['Sports', ' Team', ' Soccer', ' Arcade']",2016,505 Games,1.38
328,Titanfall 2,87,32,8.3,458.0,M,"['Action', ' Shooter', ' First-Person', ' Arcade']",2016,Electronic Arts,1.37
329,Nba 2K16,86,14,6.1,120.0,E10+,"['Action', ' General', ' Sports', ' Team', ' Basketball', ' Sim']",2015,2K Sports,2.41
330,Fifa 15,82,33,5.4,359.0,E,"['Sports', ' Traditional', ' Team', ' Soccer', ' Sim']",2014,EA Sports,2.19
331,Darksiders: Warmastered Edition,80,17,8.1,37.0,M,"['Action Adventure', ' Open-World']",2016,THQ Nordic,0.04
332,Kingdom Hearts Iii,80,23,8.3,547.0,E10+,"['Action RPG', ' Action Adventure', ' Fantasy', ' Role-Playing', ' Action RPG']",2019,Square Enix,0.0
333,Ultimate Marvel Vs. Capcom 3,78,5,7.9,15.0,T,"['Action', ' Fighting', ' 2D']",2017,Capcom,0.14
334,Dragon Ball: Xenoverse 2,73,9,7.1,50.0,T,"['Action', ' Fighting', ' 3D']",2016,Namco Bandai Games,0.47
335,Dead Rising 4,72,86,4.7,359.0,M,"['Action Adventure', ' Open-World']",2016,Microsoft Studios,0.73
336,Lego Jurassic World,70,17,6.7,51.0,E10+,"['Action Adventure', ' General']",2015,Warner Bros. Interactive Entertainment,0.78
337,The Lego Movie Videogame,69,18,6.8,57.0,E10+,"['Action Adventure', ' Fantasy', ' General', ' Fantasy']",2014,Warner Bros. Interactive Entertainment,0.65
338,Song Of The Deep,66,12,7.2,26.0,E,"['Action Adventure', ' General']",2016,Insomniac Games,0.13
339,Pneuma: Breath Of Life,63,17,6.8,58.0,E,"['Sci-Fi', ' Adventure', ' 3D', ' First-Person']",2015,,0.0
340,Nba Live 14,36,14,3.1,89.0,E,"['Arcade', ' Sports', ' Traditional', ' Team', ' Basketball', ' Arcade']",2013,EA Sports,0.24
341,Fru,84,24,6.8,37.0,E,"['Miscellaneous', ' Puzzle', ' Action']",2016,,0.0
342,Fantasia: Music Evolved,77,48,7.5,70.0,E10+,"['Music', ' Action', ' Miscellaneous', ' Rhythm', ' Music']",2014,Disney Interactive Studios,0.19
343,The Surge,74,17,7.1,72.0,M,"['Role-Playing', ' Action RPG']",2017,Koch Media,0.12
344,Mount & Blade: Warband,59,10,7.8,40.0,T,"['Role-Playing', ' Western-Style']",2016,Koch Media,0.0
